date,rfrate
24/11/2010,0.16
25/11/2010,
26/11/2010,0.16
29/11/2010,0.18
30/11/2010,0.17
01/12/2010,0.16
02/12/2010,0.16
03/12/2010,0.14
06/12/2010,0.15
07/12/2010,0.14
08/12/2010,0.15
09/12/2010,0.14
10/12/2010,0.13
13/12/2010,0.15
14/12/2010,0.15
15/12/2010,0.14
16/12/2010,0.13
17/12/2010,0.11
20/12/2010,0.14
21/12/2010,0.14
22/12/2010,0.14
23/12/2010,0.14
24/12/2010,
27/12/2010,0.17
28/12/2010,0.15
29/12/2010,0.13
30/12/2010,0.12
31/12/2010,0.12
03/01/2011,0.15
04/01/2011,0.14
05/01/2011,0.14
06/01/2011,0.15
07/01/2011,0.14
10/01/2011,0.15
11/01/2011,0.15
12/01/2011,0.15
13/01/2011,0.15
14/01/2011,0.15
17/01/2011,
18/01/2011,0.16
19/01/2011,0.16
20/01/2011,0.16
21/01/2011,0.16
24/01/2011,0.16
25/01/2011,0.16
26/01/2011,0.16
27/01/2011,0.15
28/01/2011,0.15
31/01/2011,0.15
01/02/2011,0.15
02/02/2011,0.16
03/02/2011,0.14
04/02/2011,0.15
07/02/2011,0.16
08/02/2011,0.15
09/02/2011,0.14
10/02/2011,0.12
11/02/2011,0.12
14/02/2011,0.13
15/02/2011,0.13
16/02/2011,0.12
17/02/2011,0.09
18/02/2011,0.1
21/02/2011,
22/02/2011,0.12
23/02/2011,0.12
24/02/2011,0.13
25/02/2011,0.13
28/02/2011,0.15
01/03/2011,0.14
02/03/2011,0.13
03/03/2011,0.13
04/03/2011,0.12
07/03/2011,0.11
08/03/2011,0.11
09/03/2011,0.1
10/03/2011,0.08
11/03/2011,0.08
14/03/2011,0.09
15/03/2011,0.1
16/03/2011,0.1
17/03/2011,0.08
18/03/2011,0.07
21/03/2011,0.1
22/03/2011,0.1
23/03/2011,0.09
24/03/2011,0.09
25/03/2011,0.09
28/03/2011,0.11
29/03/2011,0.1
30/03/2011,0.1
31/03/2011,0.09
01/04/2011,0.07
04/04/2011,0.06
05/04/2011,0.07
06/04/2011,0.06
07/04/2011,0.04
08/04/2011,0.04
11/04/2011,0.05
12/04/2011,0.05
13/04/2011,0.06
14/04/2011,0.07
15/04/2011,0.07
18/04/2011,0.07
19/04/2011,0.06
20/04/2011,0.06
21/04/2011,0.06
22/04/2011,
25/04/2011,0.07
26/04/2011,0.07
27/04/2011,0.06
28/04/2011,0.04
29/04/2011,0.04
02/05/2011,0.05
03/05/2011,0.03
04/05/2011,0.03
05/05/2011,0.02
06/05/2011,0.02
09/05/2011,0.03
10/05/2011,0.03
11/05/2011,0.03
12/05/2011,0.02
13/05/2011,0.03
16/05/2011,0.04
17/05/2011,0.04
18/05/2011,0.05
19/05/2011,0.05
20/05/2011,0.05
23/05/2011,0.06
24/05/2011,0.06
25/05/2011,0.06
26/05/2011,0.05
27/05/2011,0.05
30/05/2011,
31/05/2011,0.06
01/06/2011,0.05
02/06/2011,0.04
03/06/2011,0.04
06/06/2011,0.05
07/06/2011,0.05
08/06/2011,0.04
09/06/2011,0.05
10/06/2011,0.05
13/06/2011,0.05
14/06/2011,0.05
15/06/2011,0.05
16/06/2011,0.05
17/06/2011,0.04
20/06/2011,0.03
21/06/2011,0.03
22/06/2011,0.02
23/06/2011,0.01
24/06/2011,0.02
27/06/2011,0.02
28/06/2011,0.03
29/06/2011,0.02
30/06/2011,0.03
01/07/2011,0.02
04/07/2011,
05/07/2011,0.02
06/07/2011,0.01
07/07/2011,0.03
08/07/2011,0.03
11/07/2011,0.03
12/07/2011,0.03
13/07/2011,0.01
14/07/2011,0.01
15/07/2011,0.02
18/07/2011,0.02
19/07/2011,0.03
20/07/2011,0.02
21/07/2011,0.05
22/07/2011,0.05
25/07/2011,0.05
26/07/2011,0.07
27/07/2011,0.08
28/07/2011,0.07
29/07/2011,0.1
01/08/2011,0.1
02/08/2011,0.06
03/08/2011,0.02
04/08/2011,0.02
05/08/2011,0.01
08/08/2011,0.05
09/08/2011,0.03
10/08/2011,0.02
11/08/2011,0.03
12/08/2011,0.02
15/08/2011,0.02
16/08/2011,0.03
17/08/2011,0.01
18/08/2011,0.01
19/08/2011,0.02
22/08/2011,0.01
23/08/2011,0.01
24/08/2011,0.02
25/08/2011,0.01
26/08/2011,0.01
29/08/2011,0.02
30/08/2011,0.01
31/08/2011,0.02
01/09/2011,0.02
02/09/2011,0.02
05/09/2011,
06/09/2011,0.02
07/09/2011,0.02
08/09/2011,0.02
09/09/2011,0.01
12/09/2011,0.01
13/09/2011,0.01
14/09/2011,0.01
15/09/2011,0.01
16/09/2011,0.01
19/09/2011,0.01
20/09/2011,0.01
21/09/2011,0.01
22/09/2011,0
23/09/2011,0.01
26/09/2011,0.02
27/09/2011,0.01
28/09/2011,0.02
29/09/2011,0.02
30/09/2011,0.02
03/10/2011,0.02
04/10/2011,0.01
05/10/2011,0
06/10/2011,0.01
07/10/2011,0.01
10/10/2011,
11/10/2011,0.02
12/10/2011,0.02
13/10/2011,0.02
14/10/2011,0.02
17/10/2011,0.04
18/10/2011,0.04
19/10/2011,0.03
20/10/2011,0.03
21/10/2011,0.02
24/10/2011,0.02
25/10/2011,0.01
26/10/2011,0.02
27/10/2011,0.02
28/10/2011,0.01
31/10/2011,0.01
01/11/2011,0.01
02/11/2011,0.01
03/11/2011,0.01
04/11/2011,0.01
07/11/2011,0.01
08/11/2011,0.01
09/11/2011,0.01
10/11/2011,0.01
11/11/2011,
14/11/2011,0.01
15/11/2011,0.01
16/11/2011,0.01
17/11/2011,0.02
18/11/2011,0.01
21/11/2011,0.02
22/11/2011,0.02
23/11/2011,0.02
24/11/2011,
25/11/2011,0.02
28/11/2011,0.03
29/11/2011,0.02
30/11/2011,0.01
01/12/2011,0.01
02/12/2011,0.02
05/12/2011,0.01
06/12/2011,0.01
07/12/2011,0.02
08/12/2011,0.01
09/12/2011,0.01
12/12/2011,0.01
13/12/2011,0.01
14/12/2011,0.01
15/12/2011,0
16/12/2011,0
19/12/2011,0.01
20/12/2011,0.01
21/12/2011,0.01
22/12/2011,0.01
23/12/2011,0.01
26/12/2011,
27/12/2011,0.02
28/12/2011,0.01
29/12/2011,0.02
30/12/2011,0.02
02/01/2012,
03/01/2012,0.02
04/01/2012,0.02
05/01/2012,0.02
06/01/2012,0.02
09/01/2012,0.01
10/01/2012,0.02
11/01/2012,0.02
12/01/2012,0.03
13/01/2012,0.03
16/01/2012,
17/01/2012,0.03
18/01/2012,0.03
19/01/2012,0.05
20/01/2012,0.05
23/01/2012,0.04
24/01/2012,0.04
25/01/2012,0.04
26/01/2012,0.05
27/01/2012,0.06
30/01/2012,0.05
31/01/2012,0.06
01/02/2012,0.06
02/02/2012,0.08
03/02/2012,0.08
06/02/2012,0.08
07/02/2012,0.08
08/02/2012,0.09
09/02/2012,0.09
10/02/2012,0.09
13/02/2012,0.11
14/02/2012,0.12
15/02/2012,0.11
16/02/2012,0.1
17/02/2012,0.09
20/02/2012,
21/02/2012,0.08
22/02/2012,0.09
23/02/2012,0.09
24/02/2012,0.1
27/02/2012,0.12
28/02/2012,0.1
29/02/2012,0.08
01/03/2012,0.08
02/03/2012,0.07
05/03/2012,0.08
06/03/2012,0.08
07/03/2012,0.08
08/03/2012,0.08
09/03/2012,0.09
12/03/2012,0.09
13/03/2012,0.08
14/03/2012,0.09
15/03/2012,0.08
16/03/2012,0.09
19/03/2012,0.1
20/03/2012,0.1
21/03/2012,0.09
22/03/2012,0.08
23/03/2012,0.08
26/03/2012,0.09
27/03/2012,0.09
28/03/2012,0.09
29/03/2012,0.07
30/03/2012,0.07
02/04/2012,0.08
03/04/2012,0.08
04/04/2012,0.08
05/04/2012,0.08
06/04/2012,0.07
09/04/2012,0.09
10/04/2012,0.09
11/04/2012,0.09
12/04/2012,0.09
13/04/2012,0.09
16/04/2012,0.08
17/04/2012,0.08
18/04/2012,0.07
19/04/2012,0.07
20/04/2012,0.08
23/04/2012,0.08
24/04/2012,0.09
25/04/2012,0.09
26/04/2012,0.09
27/04/2012,0.09
30/04/2012,0.1
01/05/2012,0.09
02/05/2012,0.08
03/05/2012,0.09
04/05/2012,0.07
07/05/2012,0.1
08/05/2012,0.09
09/05/2012,0.09
10/05/2012,0.1
11/05/2012,0.1
14/05/2012,0.1
15/05/2012,0.09
16/05/2012,0.1
17/05/2012,0.1
18/05/2012,0.08
21/05/2012,0.09
22/05/2012,0.09
23/05/2012,0.09
24/05/2012,0.1
25/05/2012,0.09
28/05/2012,
29/05/2012,0.09
30/05/2012,0.07
31/05/2012,0.07
01/06/2012,0.07
04/06/2012,0.08
05/06/2012,0.08
06/06/2012,0.09
07/06/2012,0.09
08/06/2012,0.09
11/06/2012,0.09
12/06/2012,0.1
13/06/2012,0.1
14/06/2012,0.11
15/06/2012,0.09
18/06/2012,0.1
19/06/2012,0.09
20/06/2012,0.09
21/06/2012,0.09
22/06/2012,0.09
25/06/2012,0.1
26/06/2012,0.1
27/06/2012,0.09
28/06/2012,0.09
29/06/2012,0.09
02/07/2012,0.1
03/07/2012,0.09
04/07/2012,
05/07/2012,0.08
06/07/2012,0.08
09/07/2012,0.09
10/07/2012,0.09
11/07/2012,0.1
12/07/2012,0.1
13/07/2012,0.1
16/07/2012,0.1
17/07/2012,0.1
18/07/2012,0.09
19/07/2012,0.09
20/07/2012,0.09
23/07/2012,0.1
24/07/2012,0.1
25/07/2012,0.1
26/07/2012,0.11
27/07/2012,0.11
30/07/2012,0.11
31/07/2012,0.11
01/08/2012,0.1
02/08/2012,0.09
03/08/2012,0.09
06/08/2012,0.1
07/08/2012,0.11
08/08/2012,0.11
09/08/2012,0.11
10/08/2012,0.1
13/08/2012,0.11
14/08/2012,0.11
15/08/2012,0.09
16/08/2012,0.09
17/08/2012,0.09
20/08/2012,0.11
21/08/2012,0.11
22/08/2012,0.11
23/08/2012,0.11
24/08/2012,0.1
27/08/2012,0.11
28/08/2012,0.1
29/08/2012,0.12
30/08/2012,0.1
31/08/2012,0.09
03/09/2012,
04/09/2012,0.1
05/09/2012,0.11
06/09/2012,0.11
07/09/2012,0.11
10/09/2012,0.1
11/09/2012,0.1
12/09/2012,0.1
13/09/2012,0.1
14/09/2012,0.11
17/09/2012,0.11
18/09/2012,0.1
19/09/2012,0.11
20/09/2012,0.11
21/09/2012,0.11
24/09/2012,0.11
25/09/2012,0.11
26/09/2012,0.11
27/09/2012,0.09
28/09/2012,0.1
01/10/2012,0.09
02/10/2012,0.09
03/10/2012,0.09
04/10/2012,0.1
05/10/2012,0.11
08/10/2012,
09/10/2012,0.1
10/10/2012,0.1
11/10/2012,0.1
12/10/2012,0.11
15/10/2012,0.11
16/10/2012,0.09
17/10/2012,0.11
18/10/2012,0.1
19/10/2012,0.1
22/10/2012,0.1
23/10/2012,0.11
24/10/2012,0.11
25/10/2012,0.11
26/10/2012,0.12
29/10/2012,0.14
30/10/2012,
31/10/2012,0.11
01/11/2012,0.09
02/11/2012,0.09
05/11/2012,0.11
06/11/2012,0.1
07/11/2012,0.1
08/11/2012,0.1
09/11/2012,0.09
12/11/2012,
13/11/2012,0.11
14/11/2012,0.1
15/11/2012,0.08
16/11/2012,0.06
19/11/2012,0.09
20/11/2012,0.08
21/11/2012,0.1
22/11/2012,
23/11/2012,0.1
26/11/2012,0.1
27/11/2012,0.1
28/11/2012,0.1
29/11/2012,0.09
30/11/2012,0.08
03/12/2012,0.1
04/12/2012,0.1
05/12/2012,0.1
06/12/2012,0.1
07/12/2012,0.09
10/12/2012,0.09
11/12/2012,0.08
12/12/2012,0.07
13/12/2012,0.06
14/12/2012,0.04
17/12/2012,0.05
18/12/2012,0.06
19/12/2012,0.05
20/12/2012,0.06
21/12/2012,0.06
24/12/2012,0.06
25/12/2012,
26/12/2012,0.09
27/12/2012,0.08
28/12/2012,0.01
31/12/2012,0.05
01/01/2013,
02/01/2013,0.08
03/01/2013,0.08
04/01/2013,0.07
07/01/2013,0.07
08/01/2013,0.07
09/01/2013,0.06
10/01/2013,0.06
11/01/2013,0.07
14/01/2013,0.08
15/01/2013,0.09
16/01/2013,0.08
17/01/2013,0.07
18/01/2013,0.08
21/01/2013,
22/01/2013,0.08
23/01/2013,0.08
24/01/2013,0.08
25/01/2013,0.08
28/01/2013,0.07
29/01/2013,0.07
30/01/2013,0.07
31/01/2013,0.07
01/02/2013,0.06
04/02/2013,0.07
05/02/2013,0.07
06/02/2013,0.07
07/02/2013,0.07
08/02/2013,0.07
11/02/2013,0.09
12/02/2013,0.09
13/02/2013,0.1
14/02/2013,0.11
15/02/2013,0.1
18/02/2013,
19/02/2013,0.12
20/02/2013,0.12
21/02/2013,0.13
22/02/2013,0.13
25/02/2013,0.12
26/02/2013,0.14
27/02/2013,0.11
28/02/2013,0.11
01/03/2013,0.11
04/03/2013,0.11
05/03/2013,0.08
06/03/2013,0.1
07/03/2013,0.1
08/03/2013,0.1
11/03/2013,0.1
12/03/2013,0.1
13/03/2013,0.09
14/03/2013,0.1
15/03/2013,0.09
18/03/2013,0.07
19/03/2013,0.07
20/03/2013,0.07
21/03/2013,0.07
22/03/2013,0.07
25/03/2013,0.08
26/03/2013,0.07
27/03/2013,0.09
28/03/2013,0.07
29/03/2013,
01/04/2013,0.08
02/04/2013,0.07
03/04/2013,0.06
04/04/2013,0.07
05/04/2013,0.07
08/04/2013,0.07
09/04/2013,0.06
10/04/2013,0.07
11/04/2013,0.07
12/04/2013,0.06
15/04/2013,0.06
16/04/2013,0.06
17/04/2013,0.06
18/04/2013,0.05
19/04/2013,0.05
22/04/2013,0.05
23/04/2013,0.05
24/04/2013,0.06
25/04/2013,0.05
26/04/2013,0.05
29/04/2013,0.05
30/04/2013,0.05
01/05/2013,0.06
02/05/2013,0.05
03/05/2013,0.05
06/05/2013,0.04
07/05/2013,0.04
08/05/2013,0.04
09/05/2013,0.04
10/05/2013,0.04
13/05/2013,0.05
14/05/2013,0.05
15/05/2013,0.04
16/05/2013,0.03
17/05/2013,0.04
20/05/2013,0.05
21/05/2013,0.04
22/05/2013,0.04
23/05/2013,0.05
24/05/2013,0.04
27/05/2013,
28/05/2013,0.05
29/05/2013,0.05
30/05/2013,0.04
31/05/2013,0.04
03/06/2013,0.05
04/06/2013,0.04
05/06/2013,0.05
06/06/2013,0.05
07/06/2013,0.04
10/06/2013,0.05
11/06/2013,0.05
12/06/2013,0.05
13/06/2013,0.05
14/06/2013,0.05
17/06/2013,0.05
18/06/2013,0.05
19/06/2013,0.05
20/06/2013,0.05
21/06/2013,0.05
24/06/2013,0.06
25/06/2013,0.06
26/06/2013,0.06
27/06/2013,0.06
28/06/2013,0.04
01/07/2013,0.04
02/07/2013,0.03
03/07/2013,0.05
04/07/2013,
05/07/2013,0.04
08/07/2013,0.05
09/07/2013,0.04
10/07/2013,0.04
11/07/2013,0.04
12/07/2013,0.04
15/07/2013,0.04
16/07/2013,0.03
17/07/2013,0.03
18/07/2013,0.03
19/07/2013,0.03
22/07/2013,0.04
23/07/2013,0.02
24/07/2013,0.03
25/07/2013,0.02
26/07/2013,0.03
29/07/2013,0.03
30/07/2013,0.04
31/07/2013,0.04
01/08/2013,0.04
02/08/2013,0.04
05/08/2013,0.05
06/08/2013,0.04
07/08/2013,0.05
08/08/2013,0.05
09/08/2013,0.05
12/08/2013,0.06
13/08/2013,0.06
14/08/2013,0.05
15/08/2013,0.05
16/08/2013,0.05
19/08/2013,0.06
20/08/2013,0.04
21/08/2013,0.04
22/08/2013,0.03
23/08/2013,0.03
26/08/2013,0.04
27/08/2013,0.05
28/08/2013,0.03
29/08/2013,0.02
30/08/2013,0.03
02/09/2013,
03/09/2013,0.02
04/09/2013,0.02
05/09/2013,0.02
06/09/2013,0.02
09/09/2013,0.02
10/09/2013,0.02
11/09/2013,0.02
12/09/2013,0.01
13/09/2013,0.01
16/09/2013,0.02
17/09/2013,0.01
18/09/2013,0.01
19/09/2013,0.01
20/09/2013,0.01
23/09/2013,0.02
24/09/2013,0.02
25/09/2013,0.02
26/09/2013,0
27/09/2013,0.02
30/09/2013,0.02
01/10/2013,0.02
02/10/2013,0.02
03/10/2013,0.03
04/10/2013,0.03
07/10/2013,0.03
08/10/2013,0.05
09/10/2013,0.05
10/10/2013,0.05
11/10/2013,0.08
14/10/2013,
15/10/2013,0.14
16/10/2013,0.1
17/10/2013,0.05
18/10/2013,0.04
21/10/2013,0.04
22/10/2013,0.04
23/10/2013,0.04
24/10/2013,0.03
25/10/2013,0.04
28/10/2013,0.04
29/10/2013,0.04
30/10/2013,0.04
31/10/2013,0.04
01/11/2013,0.04
04/11/2013,0.05
05/11/2013,0.05
06/11/2013,0.05
07/11/2013,0.05
08/11/2013,0.06
11/11/2013,
12/11/2013,0.08
13/11/2013,0.08
14/11/2013,0.08
15/11/2013,0.08
18/11/2013,0.09
19/11/2013,0.08
20/11/2013,0.08
21/11/2013,0.07
22/11/2013,0.07
25/11/2013,0.08
26/11/2013,0.07
27/11/2013,0.07
28/11/2013,
29/11/2013,0.06
02/12/2013,0.05
03/12/2013,0.06
04/12/2013,0.06
05/12/2013,0.06
06/12/2013,0.06
09/12/2013,0.07
10/12/2013,0.07
11/12/2013,0.07
12/12/2013,0.07
13/12/2013,0.07
16/12/2013,0.07
17/12/2013,0.07
18/12/2013,0.07
19/12/2013,0.06
20/12/2013,0.07
23/12/2013,0.07
24/12/2013,0.07
25/12/2013,
26/12/2013,0.07
27/12/2013,0.07
30/12/2013,0.07
31/12/2013,0.07
01/01/2014,
02/01/2014,0.07
03/01/2014,0.07
06/01/2014,0.05
07/01/2014,0.04
08/01/2014,0.05
09/01/2014,0.04
10/01/2014,0.05
13/01/2014,0.03
14/01/2014,0.04
15/01/2014,0.04
16/01/2014,0.04
17/01/2014,0.05
20/01/2014,
21/01/2014,0.04
22/01/2014,0.04
23/01/2014,0.04
24/01/2014,0.04
27/01/2014,0.05
28/01/2014,0.05
29/01/2014,0.04
30/01/2014,0.02
31/01/2014,0.02
03/02/2014,0.05
04/02/2014,0.06
05/02/2014,0.07
06/02/2014,0.07
07/02/2014,0.08
10/02/2014,0.07
11/02/2014,0.05
12/02/2014,0.05
13/02/2014,0.03
14/02/2014,0.02
17/02/2014,
18/02/2014,0.05
19/02/2014,0.06
20/02/2014,0.05
21/02/2014,0.05
24/02/2014,0.05
25/02/2014,0.05
26/02/2014,0.05
27/02/2014,0.04
28/02/2014,0.05
03/03/2014,0.05
04/03/2014,0.05
05/03/2014,0.06
06/03/2014,0.05
07/03/2014,0.06
10/03/2014,0.05
11/03/2014,0.05
12/03/2014,0.05
13/03/2014,0.05
14/03/2014,0.05
17/03/2014,0.06
18/03/2014,0.05
19/03/2014,0.06
20/03/2014,0.06
21/03/2014,0.06
24/03/2014,0.06
25/03/2014,0.05
26/03/2014,0.05
27/03/2014,0.04
28/03/2014,0.04
31/03/2014,0.05
01/04/2014,0.04
02/04/2014,0.02
03/04/2014,0.02
04/04/2014,0.03
07/04/2014,0.03
08/04/2014,0.03
09/04/2014,0.04
10/04/2014,0.04
11/04/2014,0.04
14/04/2014,0.04
15/04/2014,0.04
16/04/2014,0.04
17/04/2014,0.03
18/04/2014,
21/04/2014,0.04
22/04/2014,0.03
23/04/2014,0.02
24/04/2014,0.01
25/04/2014,0.03
28/04/2014,0.03
29/04/2014,0.02
30/04/2014,0.03
01/05/2014,0.03
02/05/2014,0.02
05/05/2014,0.03
06/05/2014,0.03
07/05/2014,0.03
08/05/2014,0.03
09/05/2014,0.03
12/05/2014,0.03
13/05/2014,0.03
14/05/2014,0.03
15/05/2014,0.03
16/05/2014,0.03
19/05/2014,0.03
20/05/2014,0.03
21/05/2014,0.04
22/05/2014,0.03
23/05/2014,0.04
26/05/2014,
27/05/2014,0.04
28/05/2014,0.04
29/05/2014,0.04
30/05/2014,0.04
02/06/2014,0.04
03/06/2014,0.04
04/06/2014,0.04
05/06/2014,0.04
06/06/2014,0.04
09/06/2014,0.04
10/06/2014,0.04
11/06/2014,0.04
12/06/2014,0.04
13/06/2014,0.04
16/06/2014,0.04
17/06/2014,0.04
18/06/2014,0.03
19/06/2014,0.02
20/06/2014,0.02
23/06/2014,0.03
24/06/2014,0.03
25/06/2014,0.03
26/06/2014,0.04
27/06/2014,0.03
30/06/2014,0.04
01/07/2014,0.02
02/07/2014,0.02
03/07/2014,0.01
04/07/2014,
07/07/2014,0.04
08/07/2014,0.03
09/07/2014,0.03
10/07/2014,0.02
11/07/2014,0.02
14/07/2014,0.03
15/07/2014,0.02
16/07/2014,0.02
17/07/2014,0.02
18/07/2014,0.02
21/07/2014,0.03
22/07/2014,0.03
23/07/2014,0.03
24/07/2014,0.03
25/07/2014,0.03
28/07/2014,0.04
29/07/2014,0.02
30/07/2014,0.04
31/07/2014,0.03
01/08/2014,0.03
04/08/2014,0.04
05/08/2014,0.03
06/08/2014,0.03
07/08/2014,0.03
08/08/2014,0.03
11/08/2014,0.04
12/08/2014,0.03
13/08/2014,0.04
14/08/2014,0.04
15/08/2014,0.03
18/08/2014,0.03
19/08/2014,0.03
20/08/2014,0.04
21/08/2014,0.02
22/08/2014,0.03
25/08/2014,0.04
26/08/2014,0.03
27/08/2014,0.04
28/08/2014,0.03
29/08/2014,0.03
01/09/2014,
02/09/2014,0.03
03/09/2014,0.03
04/09/2014,0.03
05/09/2014,0.03
08/09/2014,0.02
09/09/2014,0.02
10/09/2014,0.02
11/09/2014,0.02
12/09/2014,0.02
15/09/2014,0.02
16/09/2014,0.02
17/09/2014,0.02
18/09/2014,0.02
19/09/2014,0.02
22/09/2014,0.01
23/09/2014,0.01
24/09/2014,0.02
25/09/2014,0.01
26/09/2014,0.01
29/09/2014,0.02
30/09/2014,0.02
01/10/2014,0.02
02/10/2014,0.01
03/10/2014,0.01
06/10/2014,0.02
07/10/2014,0.02
08/10/2014,0.01
09/10/2014,0.01
10/10/2014,0.01
13/10/2014,
14/10/2014,0.02
15/10/2014,0.02
16/10/2014,0.03
17/10/2014,0.02
20/10/2014,0.02
21/10/2014,0.02
22/10/2014,0.02
23/10/2014,0.01
24/10/2014,0.01
27/10/2014,0.02
28/10/2014,0.02
29/10/2014,0.03
30/10/2014,0.01
31/10/2014,0.01
03/11/2014,0.02
04/11/2014,0.03
05/11/2014,0.03
06/11/2014,0.03
07/11/2014,0.03
10/11/2014,0.02
11/11/2014,
12/11/2014,0.02
13/11/2014,0.02
14/11/2014,0.02
17/11/2014,0.03
18/11/2014,0.02
19/11/2014,0.01
20/11/2014,0.02
21/11/2014,0.01
24/11/2014,0.02
25/11/2014,0.02
26/11/2014,0.02
27/11/2014,
28/11/2014,0.02
01/12/2014,0.03
02/12/2014,0.03
03/12/2014,0.01
04/12/2014,0.02
05/12/2014,0.02
08/12/2014,0.03
09/12/2014,0.04
10/12/2014,0.03
11/12/2014,0.03
12/12/2014,0.02
15/12/2014,0.04
16/12/2014,0.03
17/12/2014,0.03
18/12/2014,0.04
19/12/2014,0.04
22/12/2014,0.05
23/12/2014,0.03
24/12/2014,0.01
25/12/2014,
26/12/2014,0.01
29/12/2014,0.03
30/12/2014,0.03
31/12/2014,0.04
01/01/2015,
02/01/2015,0.02
05/01/2015,0.03
06/01/2015,0.03
07/01/2015,0.03
08/01/2015,0.03
09/01/2015,0.02
12/01/2015,0.03
13/01/2015,0.03
14/01/2015,0.04
15/01/2015,0.03
16/01/2015,0.03
19/01/2015,
20/01/2015,0.03
21/01/2015,0.03
22/01/2015,0.03
23/01/2015,0.02
26/01/2015,0.03
27/01/2015,0.02
28/01/2015,0.02
29/01/2015,0.03
30/01/2015,0.02
02/02/2015,0.02
03/02/2015,0.02
04/02/2015,0.01
05/02/2015,0.02
06/02/2015,0.02
09/02/2015,0.01
10/02/2015,0.01
11/02/2015,0.01
12/02/2015,0.02
13/02/2015,0.01
16/02/2015,
17/02/2015,0.02
18/02/2015,0.02
19/02/2015,0.02
20/02/2015,0.02
23/02/2015,0.02
24/02/2015,0.02
25/02/2015,0.02
26/02/2015,0.03
27/02/2015,0.02
02/03/2015,0.02
03/03/2015,0.02
04/03/2015,0.01
05/03/2015,0.02
06/03/2015,0.01
09/03/2015,0.02
10/03/2015,0.02
11/03/2015,0.03
12/03/2015,0.03
13/03/2015,0.03
16/03/2015,0.05
17/03/2015,0.05
18/03/2015,0.03
19/03/2015,0.03
20/03/2015,0.01
23/03/2015,0.03
24/03/2015,0.02
25/03/2015,0.04
26/03/2015,0.03
27/03/2015,0.04
30/03/2015,0.04
31/03/2015,0.03
01/04/2015,0.03
02/04/2015,0.02
03/04/2015,0.02
06/04/2015,0.03
07/04/2015,0.02
08/04/2015,0.03
09/04/2015,0.03
10/04/2015,0.02
13/04/2015,0.03
14/04/2015,0.02
15/04/2015,0.02
16/04/2015,0.02
17/04/2015,0.01
20/04/2015,0.03
21/04/2015,0.03
22/04/2015,0.03
23/04/2015,0.03
24/04/2015,0.03
27/04/2015,0.02
28/04/2015,0.02
29/04/2015,0.01
30/04/2015,0.01
01/05/2015,0.01
04/05/2015,0.02
05/05/2015,0.01
06/05/2015,0.02
07/05/2015,0.01
08/05/2015,0.01
11/05/2015,0.02
12/05/2015,0.03
13/05/2015,0.02
14/05/2015,0.01
15/05/2015,0.02
18/05/2015,0.02
19/05/2015,0.02
20/05/2015,0.02
21/05/2015,0.02
22/05/2015,0.02
25/05/2015,
26/05/2015,0.02
27/05/2015,0.01
28/05/2015,0.01
29/05/2015,0.01
01/06/2015,0.02
02/06/2015,0.01
03/06/2015,0.02
04/06/2015,0.02
05/06/2015,0.03
08/06/2015,0.02
09/06/2015,0.02
10/06/2015,0.02
11/06/2015,0.01
12/06/2015,0.02
15/06/2015,0.02
16/06/2015,0.01
17/06/2015,0.01
18/06/2015,0.01
19/06/2015,0.01
22/06/2015,0.01
23/06/2015,0.01
24/06/2015,0.01
25/06/2015,0.01
26/06/2015,0.01
29/06/2015,0.02
30/06/2015,0.01
01/07/2015,0.01
02/07/2015,0.01
03/07/2015,
06/07/2015,0.02
07/07/2015,0.02
08/07/2015,0.02
09/07/2015,0.03
10/07/2015,0.01
13/07/2015,0.02
14/07/2015,0.01
15/07/2015,0.02
16/07/2015,0.02
17/07/2015,0.03
20/07/2015,0.04
21/07/2015,0.03
22/07/2015,0.04
23/07/2015,0.03
24/07/2015,0.04
27/07/2015,0.05
28/07/2015,0.05
29/07/2015,0.06
30/07/2015,0.07
31/07/2015,0.08
03/08/2015,0.08
04/08/2015,0.08
05/08/2015,0.08
06/08/2015,0.04
07/08/2015,0.06
10/08/2015,0.12
11/08/2015,0.1
12/08/2015,0.1
13/08/2015,0.1
14/08/2015,0.09
17/08/2015,0.1
18/08/2015,0.07
19/08/2015,0.05
20/08/2015,0.02
21/08/2015,0.03
24/08/2015,0.06
25/08/2015,0.07
26/08/2015,0.06
27/08/2015,0.06
28/08/2015,0.06
31/08/2015,0.08
01/09/2015,0.03
02/09/2015,0.03
03/09/2015,0.02
04/09/2015,0.02
07/09/2015,
08/09/2015,0.06
09/09/2015,0.03
10/09/2015,0.02
11/09/2015,0.04
14/09/2015,0.07
15/09/2015,0.07
16/09/2015,0.06
17/09/2015,0.01
18/09/2015,0
21/09/2015,0.01
22/09/2015,0
23/09/2015,0.01
24/09/2015,0.01
25/09/2015,0
28/09/2015,0.01
29/09/2015,0.01
30/09/2015,0
01/10/2015,0
02/10/2015,0
05/10/2015,0.01
06/10/2015,0
07/10/2015,0
08/10/2015,0
09/10/2015,0.01
12/10/2015,
13/10/2015,0.01
14/10/2015,0
15/10/2015,0.01
16/10/2015,0.01
19/10/2015,0.02
20/10/2015,0.02
21/10/2015,0.01
22/10/2015,0
23/10/2015,0.01
26/10/2015,0.02
27/10/2015,0.03
28/10/2015,0.04
29/10/2015,0.07
30/10/2015,0.08
02/11/2015,0.08
03/11/2015,0.06
04/11/2015,0.05
05/11/2015,0.05
06/11/2015,0.08
09/11/2015,0.14
10/11/2015,0.13
11/11/2015,
12/11/2015,0.14
13/11/2015,0.14
16/11/2015,0.15
17/11/2015,0.14
18/11/2015,0.12
19/11/2015,0.11
20/11/2015,0.12
23/11/2015,0.14
24/11/2015,0.16
25/11/2015,0.19
26/11/2015,
27/11/2015,0.18
30/11/2015,0.22
01/12/2015,0.21
02/12/2015,0.21
03/12/2015,0.21
04/12/2015,0.23
07/12/2015,0.29
08/12/2015,0.27
09/12/2015,0.26
10/12/2015,0.24
11/12/2015,0.23
14/12/2015,0.26
15/12/2015,0.25
16/12/2015,0.27
17/12/2015,0.23
18/12/2015,0.19
21/12/2015,0.24
22/12/2015,0.21
23/12/2015,0.2
24/12/2015,0.2
25/12/2015,
28/12/2015,0.23
29/12/2015,0.23
30/12/2015,0.21
31/12/2015,0.16
01/01/2016,
04/01/2016,0.22
05/01/2016,0.2
06/01/2016,0.21
07/01/2016,0.2
08/01/2016,0.2
11/01/2016,0.21
12/01/2016,0.21
13/01/2016,0.22
14/01/2016,0.25
15/01/2016,0.24
18/01/2016,
19/01/2016,0.26
20/01/2016,0.26
21/01/2016,0.28
22/01/2016,0.31
25/01/2016,0.31
26/01/2016,0.31
27/01/2016,0.32
28/01/2016,0.35
29/01/2016,0.33
01/02/2016,0.35
02/02/2016,0.34
03/02/2016,0.33
04/02/2016,0.29
05/02/2016,0.3
08/02/2016,0.32
09/02/2016,0.3
10/02/2016,0.31
11/02/2016,0.28
12/02/2016,0.3
15/02/2016,
16/02/2016,0.3
17/02/2016,0.3
18/02/2016,0.3
19/02/2016,0.31
22/02/2016,0.33
23/02/2016,0.32
24/02/2016,0.33
25/02/2016,0.32
26/02/2016,0.33
29/02/2016,0.33
01/03/2016,0.33
02/03/2016,0.36
03/03/2016,0.28
04/03/2016,0.29
07/03/2016,0.32
08/03/2016,0.29
09/03/2016,0.3
10/03/2016,0.32
11/03/2016,0.33
14/03/2016,0.34
15/03/2016,0.34
16/03/2016,0.31
17/03/2016,0.29
18/03/2016,0.3
21/03/2016,0.31
22/03/2016,0.3
23/03/2016,0.3
24/03/2016,0.3
25/03/2016,
28/03/2016,0.29
29/03/2016,0.23
30/03/2016,0.2
31/03/2016,0.21
01/04/2016,0.23
04/04/2016,0.23
05/04/2016,0.23
06/04/2016,0.23
07/04/2016,0.23
08/04/2016,0.23
11/04/2016,0.23
12/04/2016,0.22
13/04/2016,0.23
14/04/2016,0.22
15/04/2016,0.22
18/04/2016,0.22
19/04/2016,0.21
20/04/2016,0.23
21/04/2016,0.23
22/04/2016,0.23
25/04/2016,0.25
26/04/2016,0.24
27/04/2016,0.24
28/04/2016,0.22
29/04/2016,0.22
02/05/2016,0.22
03/05/2016,0.21
04/05/2016,0.19
05/05/2016,0.2
06/05/2016,0.19
09/05/2016,0.24
10/05/2016,0.24
11/05/2016,0.26
12/05/2016,0.27
13/05/2016,0.29
16/05/2016,0.28
17/05/2016,0.28
18/05/2016,0.3
19/05/2016,0.31
20/05/2016,0.33
23/05/2016,0.35
24/05/2016,0.35
25/05/2016,0.33
26/05/2016,0.31
27/05/2016,0.32
30/05/2016,
31/05/2016,0.34
01/06/2016,0.3
02/06/2016,0.29
03/06/2016,0.3
06/06/2016,0.28
07/06/2016,0.28
08/06/2016,0.24
09/06/2016,0.26
10/06/2016,0.26
13/06/2016,0.27
14/06/2016,0.27
15/06/2016,0.26
16/06/2016,0.27
17/06/2016,0.27
20/06/2016,0.28
21/06/2016,0.27
22/06/2016,0.27
23/06/2016,0.31
24/06/2016,0.27
27/06/2016,0.27
28/06/2016,0.26
29/06/2016,0.26
30/06/2016,0.26
01/07/2016,0.28
04/07/2016,
05/07/2016,0.28
06/07/2016,0.27
07/07/2016,0.29
08/07/2016,0.28
11/07/2016,0.31
12/07/2016,0.29
13/07/2016,0.31
14/07/2016,0.32
15/07/2016,0.32
18/07/2016,0.32
19/07/2016,0.31
20/07/2016,0.32
21/07/2016,0.32
22/07/2016,0.33
25/07/2016,0.32
26/07/2016,0.31
27/07/2016,0.31
28/07/2016,0.25
29/07/2016,0.28
01/08/2016,0.29
02/08/2016,0.29
03/08/2016,0.28
04/08/2016,0.26
05/08/2016,0.28
08/08/2016,0.31
09/08/2016,0.29
10/08/2016,0.28
11/08/2016,0.28
12/08/2016,0.29
15/08/2016,0.31
16/08/2016,0.27
17/08/2016,0.3
18/08/2016,0.3
19/08/2016,0.3
22/08/2016,0.29
23/08/2016,0.3
24/08/2016,0.31
25/08/2016,0.33
26/08/2016,0.34
29/08/2016,0.33
30/08/2016,0.33
31/08/2016,0.33
01/09/2016,0.33
02/09/2016,0.33
05/09/2016,
06/09/2016,0.32
07/09/2016,0.34
08/09/2016,0.35
09/09/2016,0.35
12/09/2016,0.37
13/09/2016,0.36
14/09/2016,0.33
15/09/2016,0.29
16/09/2016,0.3
19/09/2016,0.3
20/09/2016,0.3
21/09/2016,0.22
22/09/2016,0.18
23/09/2016,0.18
26/09/2016,0.25
27/09/2016,0.26
28/09/2016,0.27
29/09/2016,0.26
30/09/2016,0.29
03/10/2016,0.32
04/10/2016,0.33
05/10/2016,0.32
06/10/2016,0.33
07/10/2016,0.33
10/10/2016,
11/10/2016,0.35
12/10/2016,0.37
13/10/2016,0.3
14/10/2016,0.32
17/10/2016,0.34
18/10/2016,0.34
19/10/2016,0.35
20/10/2016,0.35
21/10/2016,0.34
24/10/2016,0.33
25/10/2016,0.34
26/10/2016,0.33
27/10/2016,0.3
28/10/2016,0.3
31/10/2016,0.34
01/11/2016,0.35
02/11/2016,0.37
03/11/2016,0.38
04/11/2016,0.38
07/11/2016,0.41
08/11/2016,0.43
09/11/2016,0.45
10/11/2016,0.48
11/11/2016,
14/11/2016,0.55
15/11/2016,0.51
16/11/2016,0.47
17/11/2016,0.44
18/11/2016,0.44
21/11/2016,0.46
22/11/2016,0.49
23/11/2016,0.51
24/11/2016,
25/11/2016,0.49
28/11/2016,0.48
29/11/2016,0.48
30/11/2016,0.48
01/12/2016,0.48
02/12/2016,0.49
05/12/2016,0.49
06/12/2016,0.49
07/12/2016,0.52
08/12/2016,0.51
09/12/2016,0.54
12/12/2016,0.51
13/12/2016,0.54
14/12/2016,0.55
15/12/2016,0.51
16/12/2016,0.51
19/12/2016,0.52
20/12/2016,0.52
21/12/2016,0.52
22/12/2016,0.51
23/12/2016,0.52
26/12/2016,
27/12/2016,0.51
28/12/2016,0.53
29/12/2016,0.47
30/12/2016,0.51
02/01/2017,
03/01/2017,0.53
04/01/2017,0.53
05/01/2017,0.52
06/01/2017,0.53
09/01/2017,0.5
10/01/2017,0.52
11/01/2017,0.52
12/01/2017,0.52
13/01/2017,0.53
16/01/2017,
17/01/2017,0.55
18/01/2017,0.53
19/01/2017,0.52
20/01/2017,0.5
23/01/2017,0.51
24/01/2017,0.51
25/01/2017,0.5
26/01/2017,0.51
27/01/2017,0.52
30/01/2017,0.51
31/01/2017,0.52
01/02/2017,0.51
02/02/2017,0.52
03/02/2017,0.51
06/02/2017,0.53
07/02/2017,0.53
08/02/2017,0.54
09/02/2017,0.54
10/02/2017,0.55
13/02/2017,0.52
14/02/2017,0.54
15/02/2017,0.54
16/02/2017,0.53
17/02/2017,0.53
20/02/2017,
21/02/2017,0.53
22/02/2017,0.52
23/02/2017,0.51
24/02/2017,0.52
27/02/2017,0.5
28/02/2017,0.53
01/03/2017,0.63
02/03/2017,0.67
03/03/2017,0.71
06/03/2017,0.74
07/03/2017,0.76
08/03/2017,0.73
09/03/2017,0.73
10/03/2017,0.75
13/03/2017,0.79
14/03/2017,0.78
15/03/2017,0.73
16/03/2017,0.73
17/03/2017,0.73
20/03/2017,0.76
21/03/2017,0.77
22/03/2017,0.77
23/03/2017,0.76
24/03/2017,0.78
27/03/2017,0.78
28/03/2017,0.78
29/03/2017,0.78
30/03/2017,0.78
31/03/2017,0.76
03/04/2017,0.79
04/04/2017,0.79
05/04/2017,0.8
06/04/2017,0.79
07/04/2017,0.82
10/04/2017,0.82
11/04/2017,0.82
12/04/2017,0.81
13/04/2017,0.81
14/04/2017,
17/04/2017,0.83
18/04/2017,0.82
19/04/2017,0.81
20/04/2017,0.79
21/04/2017,0.79
24/04/2017,0.81
25/04/2017,0.82
26/04/2017,0.83
27/04/2017,0.81
28/04/2017,0.8
01/05/2017,0.83
02/05/2017,0.82
03/05/2017,0.85
04/05/2017,0.86
05/05/2017,0.9
08/05/2017,0.91
09/05/2017,0.91
10/05/2017,0.9
11/05/2017,0.89
12/05/2017,0.88
15/05/2017,0.9
16/05/2017,0.9
17/05/2017,0.9
18/05/2017,0.93
19/05/2017,0.92
22/05/2017,0.93
23/05/2017,0.92
24/05/2017,0.93
25/05/2017,0.94
26/05/2017,0.94
29/05/2017,
30/05/2017,0.93
31/05/2017,0.98
01/06/2017,0.98
02/06/2017,0.98
05/06/2017,0.96
06/06/2017,0.97
07/06/2017,1
08/06/2017,1.01
09/06/2017,1.01
12/06/2017,0.98
13/06/2017,1
14/06/2017,1.01
15/06/2017,1.02
16/06/2017,1.03
19/06/2017,1.02
20/06/2017,1.01
21/06/2017,0.99
22/06/2017,0.96
23/06/2017,0.97
26/06/2017,0.99
27/06/2017,1
28/06/2017,1.02
29/06/2017,1.04
30/06/2017,1.03
03/07/2017,1.06
04/07/2017,
05/07/2017,1.05
06/07/2017,1.04
07/07/2017,1.05
10/07/2017,1.04
11/07/2017,1.05
12/07/2017,1.05
13/07/2017,1.05
14/07/2017,1.04
17/07/2017,1.07
18/07/2017,1.07
19/07/2017,1.11
20/07/2017,1.15
21/07/2017,1.16
24/07/2017,1.17
25/07/2017,1.18
26/07/2017,1.13
27/07/2017,1.11
28/07/2017,1.08
31/07/2017,1.07
01/08/2017,1.08
02/08/2017,1.08
03/08/2017,1.08
04/08/2017,1.08
07/08/2017,1.02
08/08/2017,1.06
09/08/2017,1.06
10/08/2017,1.05
11/08/2017,1.03
14/08/2017,1.02
15/08/2017,1.04
16/08/2017,1.02
17/08/2017,1
18/08/2017,1.02
21/08/2017,1
22/08/2017,1
23/08/2017,1
24/08/2017,1.02
25/08/2017,1.03
28/08/2017,0.98
29/08/2017,1.03
30/08/2017,1.03
31/08/2017,1.01
01/09/2017,1.02
04/09/2017,
05/09/2017,1.03
06/09/2017,1.07
07/09/2017,1.05
08/09/2017,1.04
11/09/2017,1.05
12/09/2017,1.03
13/09/2017,1.04
14/09/2017,1.05
15/09/2017,1.05
18/09/2017,1.05
19/09/2017,1.04
20/09/2017,1.04
21/09/2017,1.04
22/09/2017,1.03
25/09/2017,1.05
26/09/2017,1.06
27/09/2017,1.07
28/09/2017,1.06
29/09/2017,1.06
02/10/2017,1.01
03/10/2017,1.07
04/10/2017,1.08
05/10/2017,1.07
06/10/2017,1.07
09/10/2017,
10/10/2017,1.08
11/10/2017,1.1
12/10/2017,1.09
13/10/2017,1.09
16/10/2017,1.1
17/10/2017,1.09
18/10/2017,1.09
19/10/2017,1.1
20/10/2017,1.11
23/10/2017,1.09
24/10/2017,1.12
25/10/2017,1.12
26/10/2017,1.11
27/10/2017,1.1
30/10/2017,1.12
31/10/2017,1.15
01/11/2017,1.18
02/11/2017,1.17
03/11/2017,1.18
06/11/2017,1.19
07/11/2017,1.22
08/11/2017,1.23
09/11/2017,1.24
10/11/2017,1.23
13/11/2017,1.24
14/11/2017,1.26
15/11/2017,1.25
16/11/2017,1.27
17/11/2017,1.29
20/11/2017,1.3
21/11/2017,1.3
22/11/2017,1.29
23/11/2017,
24/11/2017,1.29
27/11/2017,1.27
28/11/2017,1.3
29/11/2017,1.29
30/11/2017,1.27
01/12/2017,1.27
04/12/2017,1.29
05/12/2017,1.3
06/12/2017,1.3
07/12/2017,1.29
08/12/2017,1.28
11/12/2017,1.33
12/12/2017,1.34
13/12/2017,1.3
14/12/2017,1.32
15/12/2017,1.31
18/12/2017,1.38
19/12/2017,1.37
20/12/2017,1.38
21/12/2017,1.35
22/12/2017,1.33
25/12/2017,
26/12/2017,1.47
27/12/2017,1.44
28/12/2017,1.39
29/12/2017,1.39
01/01/2018,
02/01/2018,1.44
03/01/2018,1.41
04/01/2018,1.41
05/01/2018,1.39
08/01/2018,1.45
09/01/2018,1.44
10/01/2018,1.42
11/01/2018,1.43
12/01/2018,1.43
15/01/2018,
16/01/2018,1.45
17/01/2018,1.44
18/01/2018,1.45
19/01/2018,1.44
22/01/2018,1.44
23/01/2018,1.44
24/01/2018,1.43
25/01/2018,1.42
26/01/2018,1.41
29/01/2018,1.44
30/01/2018,1.44
31/01/2018,1.46
01/02/2018,1.48
02/02/2018,1.48
05/02/2018,1.51
06/02/2018,1.52
07/02/2018,1.55
08/02/2018,1.55
09/02/2018,1.55
12/02/2018,1.62
13/02/2018,1.59
14/02/2018,1.58
15/02/2018,1.58
16/02/2018,1.62
19/02/2018,
20/02/2018,1.66
21/02/2018,1.64
22/02/2018,1.63
23/02/2018,1.64
26/02/2018,1.66
27/02/2018,1.66
28/02/2018,1.65
01/03/2018,1.63
02/03/2018,1.65
05/03/2018,1.7
06/03/2018,1.68
07/03/2018,1.68
08/03/2018,1.67
09/03/2018,1.67
12/03/2018,1.71
13/03/2018,1.73
14/03/2018,1.76
15/03/2018,1.77
16/03/2018,1.78
19/03/2018,1.8
20/03/2018,1.81
21/03/2018,1.74
22/03/2018,1.72
23/03/2018,1.74
26/03/2018,1.79
27/03/2018,1.77
28/03/2018,1.73
29/03/2018,1.73
30/03/2018,
02/04/2018,1.77
03/04/2018,1.75
04/04/2018,1.71
05/04/2018,1.72
06/04/2018,1.73
09/04/2018,1.76
10/04/2018,1.74
11/04/2018,1.73
12/04/2018,1.75
13/04/2018,1.76
16/04/2018,1.79
17/04/2018,1.8
18/04/2018,1.81
19/04/2018,1.82
20/04/2018,1.81
23/04/2018,1.87
24/04/2018,1.87
25/04/2018,1.85
26/04/2018,1.82
27/04/2018,1.82
30/04/2018,1.87
01/05/2018,1.85
02/05/2018,1.84
03/05/2018,1.84
04/05/2018,1.84
07/05/2018,1.86
08/05/2018,1.87
09/05/2018,1.88
10/05/2018,1.9
11/05/2018,1.92
14/05/2018,1.93
15/05/2018,1.92
16/05/2018,1.92
17/05/2018,1.92
18/05/2018,1.91
21/05/2018,1.93
22/05/2018,1.93
23/05/2018,1.92
24/05/2018,1.91
25/05/2018,1.9
28/05/2018,
29/05/2018,1.93
30/05/2018,1.94
31/05/2018,1.93
01/06/2018,1.92
04/06/2018,1.94
05/06/2018,1.94
06/06/2018,1.95
07/06/2018,1.94
08/06/2018,1.93
11/06/2018,1.94
12/06/2018,1.92
13/06/2018,1.94
14/06/2018,1.94
15/06/2018,1.94
18/06/2018,1.94
19/06/2018,1.94
20/06/2018,1.94
21/06/2018,1.94
22/06/2018,1.93
25/06/2018,1.93
26/06/2018,1.93
27/06/2018,1.93
28/06/2018,1.93
29/06/2018,1.93
02/07/2018,1.98
03/07/2018,1.98
04/07/2018,
05/07/2018,1.96
06/07/2018,1.97
09/07/2018,1.98
10/07/2018,1.99
11/07/2018,1.97
12/07/2018,1.98
13/07/2018,1.98
16/07/2018,2.01
17/07/2018,2.02
18/07/2018,2
19/07/2018,2
20/07/2018,1.99
23/07/2018,1.99
24/07/2018,2.02
25/07/2018,2.01
26/07/2018,1.99
27/07/2018,2
30/07/2018,2.04
31/07/2018,2.03
01/08/2018,2.03
02/08/2018,2.02
03/08/2018,2.01
06/08/2018,2.05
07/08/2018,2.06
08/08/2018,2.06
09/08/2018,2.06
10/08/2018,2.05
13/08/2018,2.06
14/08/2018,2.08
15/08/2018,2.07
16/08/2018,2.07
17/08/2018,2.05
20/08/2018,2.06
21/08/2018,2.08
22/08/2018,2.09
23/08/2018,2.08
24/08/2018,2.09
27/08/2018,2.12
28/08/2018,2.13
29/08/2018,2.13
30/08/2018,2.11
31/08/2018,2.11
03/09/2018,
04/09/2018,2.13
05/09/2018,2.14
06/09/2018,2.13
07/09/2018,2.14
10/09/2018,2.14
11/09/2018,2.15
12/09/2018,2.16
13/09/2018,2.15
14/09/2018,2.16
17/09/2018,2.16
18/09/2018,2.17
19/09/2018,2.16
20/09/2018,2.17
21/09/2018,2.18
24/09/2018,2.22
25/09/2018,2.21
26/09/2018,2.2
27/09/2018,2.18
28/09/2018,2.19
01/10/2018,2.23
02/10/2018,2.23
03/10/2018,2.23
04/10/2018,2.22
05/10/2018,2.23
08/10/2018,
09/10/2018,2.25
10/10/2018,2.27
11/10/2018,2.27
12/10/2018,2.28
15/10/2018,2.31
16/10/2018,2.3
17/10/2018,2.31
18/10/2018,2.32
19/10/2018,2.31
22/10/2018,2.34
23/10/2018,2.33
24/10/2018,2.34
25/10/2018,2.34
26/10/2018,2.33
29/10/2018,2.34
30/10/2018,2.33
31/10/2018,2.34
01/11/2018,2.32
02/11/2018,2.33
05/11/2018,2.36
06/11/2018,2.35
07/11/2018,2.37
08/11/2018,2.35
09/11/2018,2.36
12/11/2018,
13/11/2018,2.38
14/11/2018,2.38
15/11/2018,2.37
16/11/2018,2.36
19/11/2018,2.38
20/11/2018,2.39
21/11/2018,2.41
22/11/2018,
23/11/2018,2.41
26/11/2018,2.41
27/11/2018,2.41
28/11/2018,2.4
29/11/2018,2.37
30/11/2018,2.37
03/12/2018,2.38
04/12/2018,2.42
05/12/2018,
06/12/2018,2.41
07/12/2018,2.4
10/12/2018,2.41
11/12/2018,2.41
12/12/2018,2.43
13/12/2018,2.43
14/12/2018,2.42
17/12/2018,2.4
18/12/2018,2.39
19/12/2018,2.4
20/12/2018,2.39
21/12/2018,2.39
24/12/2018,2.45
25/12/2018,
26/12/2018,2.44
27/12/2018,2.41
28/12/2018,2.4
31/12/2018,2.45
01/01/2019,
02/01/2019,2.42
03/01/2019,2.41
04/01/2019,2.42
07/01/2019,2.45
08/01/2019,2.46
09/01/2019,2.45
10/01/2019,2.43
11/01/2019,2.43
14/01/2019,2.45
15/01/2019,2.45
16/01/2019,2.43
17/01/2019,2.42
18/01/2019,2.41
21/01/2019,
22/01/2019,2.43
23/01/2019,2.41
24/01/2019,2.37
25/01/2019,2.39
28/01/2019,2.42
29/01/2019,2.42
30/01/2019,2.42
31/01/2019,2.41
01/02/2019,2.4
04/02/2019,2.42
05/02/2019,2.42
06/02/2019,2.42
07/02/2019,2.42
08/02/2019,2.43
11/02/2019,2.45
12/02/2019,2.43
13/02/2019,2.44
14/02/2019,2.43
15/02/2019,2.43
18/02/2019,
19/02/2019,2.45
20/02/2019,2.45
21/02/2019,2.45
22/02/2019,2.46
25/02/2019,2.47
26/02/2019,2.45
27/02/2019,2.45
28/02/2019,2.45
01/03/2019,2.44
04/03/2019,2.46
05/03/2019,2.46
06/03/2019,2.47
07/03/2019,2.45
08/03/2019,2.46
11/03/2019,2.46
12/03/2019,2.46
13/03/2019,2.45
14/03/2019,2.45
15/03/2019,2.45
18/03/2019,2.44
19/03/2019,2.46
20/03/2019,2.48
21/03/2019,2.49
22/03/2019,2.46
25/03/2019,2.46
26/03/2019,2.46
27/03/2019,2.44
28/03/2019,2.43
29/03/2019,2.4
01/04/2019,2.43
02/04/2019,2.42
03/04/2019,2.44
04/04/2019,2.44
05/04/2019,2.44
08/04/2019,2.43
09/04/2019,2.42
10/04/2019,2.43
11/04/2019,2.43
12/04/2019,2.44
15/04/2019,2.43
16/04/2019,2.43
17/04/2019,2.44
18/04/2019,2.42
19/04/2019,
22/04/2019,2.44
23/04/2019,2.45
24/04/2019,2.44
25/04/2019,2.43
26/04/2019,2.42
29/04/2019,2.44
30/04/2019,2.43
01/05/2019,2.43
02/05/2019,2.47
03/05/2019,2.43
06/05/2019,2.44
07/05/2019,2.43
08/05/2019,2.43
09/05/2019,2.43
10/05/2019,2.43
13/05/2019,2.41
14/05/2019,2.41
15/05/2019,2.42
16/05/2019,2.4
17/05/2019,2.39
20/05/2019,2.39
21/05/2019,2.39
22/05/2019,2.38
23/05/2019,2.37
24/05/2019,2.35
27/05/2019,
28/05/2019,2.37
29/05/2019,2.37
30/05/2019,2.38
31/05/2019,2.35
03/06/2019,2.35
04/06/2019,2.35
05/06/2019,2.35
06/06/2019,2.33
07/06/2019,2.28
10/06/2019,2.29
11/06/2019,2.27
12/06/2019,2.24
13/06/2019,2.19
14/06/2019,2.2
17/06/2019,2.23
18/06/2019,2.22
19/06/2019,2.18
20/06/2019,2.14
21/06/2019,2.11
24/06/2019,2.13
25/06/2019,2.12
26/06/2019,2.15
27/06/2019,2.14
28/06/2019,2.12
01/07/2019,2.21
02/07/2019,2.2
03/07/2019,2.21
04/07/2019,
05/07/2019,2.23
08/07/2019,2.26
09/07/2019,2.26
10/07/2019,2.2
11/07/2019,2.17
12/07/2019,2.14
15/07/2019,2.16
16/07/2019,2.15
17/07/2019,2.14
18/07/2019,2.05
19/07/2019,2.06
22/07/2019,2.09
23/07/2019,2.06
24/07/2019,2.1
25/07/2019,2.1
26/07/2019,2.12
29/07/2019,2.12
30/07/2019,2.08
31/07/2019,2.08
01/08/2019,2.07
02/08/2019,2.06
05/08/2019,2.05
06/08/2019,2.05
07/08/2019,2.02
08/08/2019,2.02
09/08/2019,2
12/08/2019,2
13/08/2019,2
14/08/2019,1.96
15/08/2019,1.91
16/08/2019,1.87
19/08/2019,1.94
20/08/2019,1.94
21/08/2019,1.97
22/08/2019,2
23/08/2019,1.97
26/08/2019,2.01
27/08/2019,1.98
28/08/2019,1.99
29/08/2019,1.99
30/08/2019,1.99
02/09/2019,
03/09/2019,1.98
04/09/2019,1.97
05/09/2019,1.97
06/09/2019,1.96
09/09/2019,1.96
10/09/2019,1.95
11/09/2019,1.96
12/09/2019,1.95
13/09/2019,1.96
16/09/2019,1.99
17/09/2019,1.99
18/09/2019,1.95
19/09/2019,1.93
20/09/2019,1.91
23/09/2019,1.94
24/09/2019,1.92
25/09/2019,1.89
26/09/2019,1.83
27/09/2019,1.8
30/09/2019,1.88
01/10/2019,1.82
02/10/2019,1.79
03/10/2019,1.7
04/10/2019,1.71
07/10/2019,1.75
08/10/2019,1.72
09/10/2019,1.69
10/10/2019,1.68
11/10/2019,1.68
14/10/2019,
15/10/2019,1.67
16/10/2019,1.66
17/10/2019,1.66
18/10/2019,1.66
21/10/2019,1.67
22/10/2019,1.65
23/10/2019,1.65
24/10/2019,1.67
25/10/2019,1.66
28/10/2019,1.65
29/10/2019,1.63
30/10/2019,1.62
31/10/2019,1.54
01/11/2019,1.52
04/11/2019,1.53
05/11/2019,1.56
06/11/2019,1.56
07/11/2019,1.56
08/11/2019,1.55
11/11/2019,
12/11/2019,1.59
13/11/2019,1.57
14/11/2019,1.57
15/11/2019,1.57
18/11/2019,1.57
19/11/2019,1.57
20/11/2019,1.57
21/11/2019,1.58
22/11/2019,1.58
25/11/2019,1.61
26/11/2019,1.6
27/11/2019,1.62
28/11/2019,
29/11/2019,1.59
02/12/2019,1.6
03/12/2019,1.57
04/12/2019,1.55
05/12/2019,1.54
06/12/2019,1.53
09/12/2019,1.54
10/12/2019,1.56
11/12/2019,1.57
12/12/2019,1.56
13/12/2019,1.57
16/12/2019,1.57
17/12/2019,1.56
18/12/2019,1.56
19/12/2019,1.57
20/12/2019,1.58
23/12/2019,1.59
24/12/2019,1.58
25/12/2019,
26/12/2019,1.58
27/12/2019,1.57
30/12/2019,1.57
31/12/2019,1.55
01/01/2020,
02/01/2020,1.54
03/01/2020,1.52
06/01/2020,1.56
07/01/2020,1.54
08/01/2020,1.54
09/01/2020,1.54
10/01/2020,1.54
13/01/2020,1.57
14/01/2020,1.57
15/01/2020,1.57
16/01/2020,1.55
17/01/2020,1.56
20/01/2020,
21/01/2020,1.56
22/01/2020,1.55
23/01/2020,1.55
24/01/2020,1.54
27/01/2020,1.55
28/01/2020,1.57
29/01/2020,1.56
30/01/2020,1.57
31/01/2020,1.55
03/02/2020,1.57
04/02/2020,1.57
05/02/2020,1.57
06/02/2020,1.57
07/02/2020,1.56
10/02/2020,1.58
11/02/2020,1.57
12/02/2020,1.58
13/02/2020,1.59
14/02/2020,1.58
17/02/2020,
18/02/2020,1.58
19/02/2020,1.58
20/02/2020,1.58
21/02/2020,1.56
24/02/2020,1.53
25/02/2020,1.53
26/02/2020,1.53
27/02/2020,1.45
28/02/2020,1.27
02/03/2020,1.13
03/03/2020,0.95
04/03/2020,0.72
05/03/2020,0.62
06/03/2020,0.45
09/03/2020,0.33
10/03/2020,0.44
11/03/2020,0.42
12/03/2020,0.33
13/03/2020,0.28
16/03/2020,0.24
17/03/2020,0.19
18/03/2020,0.02
19/03/2020,0.04
20/03/2020,0.05
23/03/2020,0.02
24/03/2020,0.01
25/03/2020,0
26/03/2020,0
27/03/2020,0.03
30/03/2020,0.12
31/03/2020,0.11
01/04/2020,0.09
02/04/2020,0.09
03/04/2020,0.1
06/04/2020,0.15
07/04/2020,0.14
08/04/2020,0.22
09/04/2020,0.25
10/04/2020,
13/04/2020,0.26
14/04/2020,0.2
15/04/2020,0.14
16/04/2020,0.14
17/04/2020,0.12
20/04/2020,0.12
21/04/2020,0.11
22/04/2020,0.12
23/04/2020,0.11
24/04/2020,0.12
27/04/2020,0.12
28/04/2020,0.11
29/04/2020,0.1
30/04/2020,0.09
01/05/2020,0.12
04/05/2020,0.13
05/05/2020,0.13
06/05/2020,0.12
07/05/2020,0.11
08/05/2020,0.12
11/05/2020,0.12
12/05/2020,0.13
13/05/2020,0.13
14/05/2020,0.12
15/05/2020,0.12
18/05/2020,0.13
19/05/2020,0.13
20/05/2020,0.12
21/05/2020,0.12
22/05/2020,0.12
25/05/2020,
26/05/2020,0.14
27/05/2020,0.15
28/05/2020,0.15
29/05/2020,0.14
01/06/2020,0.14
02/06/2020,0.15
03/06/2020,0.16
04/06/2020,0.15
05/06/2020,0.15
08/06/2020,0.17
09/06/2020,0.19
10/06/2020,0.17
11/06/2020,0.17
12/06/2020,0.16
15/06/2020,0.18
16/06/2020,0.17
17/06/2020,0.17
18/06/2020,0.16
19/06/2020,0.15
22/06/2020,0.16
23/06/2020,0.16
24/06/2020,0.15
25/06/2020,0.16
26/06/2020,0.14
29/06/2020,0.14
30/06/2020,0.16
01/07/2020,0.14
02/07/2020,0.14
03/07/2020,
06/07/2020,0.15
07/07/2020,0.15
08/07/2020,0.15
09/07/2020,0.13
10/07/2020,0.13
13/07/2020,0.14
14/07/2020,0.15
15/07/2020,0.16
16/07/2020,0.11
17/07/2020,0.11
20/07/2020,0.13
21/07/2020,0.13
22/07/2020,0.13
23/07/2020,0.12
24/07/2020,0.11
27/07/2020,0.11
28/07/2020,0.11
29/07/2020,0.11
30/07/2020,0.09
31/07/2020,0.09
03/08/2020,0.1
04/08/2020,0.09
05/08/2020,0.1
06/08/2020,0.1
07/08/2020,0.1
10/08/2020,0.11
11/08/2020,0.11
12/08/2020,0.11
13/08/2020,0.1
14/08/2020,0.1
17/08/2020,0.1
18/08/2020,0.09
19/08/2020,0.11
20/08/2020,0.11
21/08/2020,0.1
24/08/2020,0.12
25/08/2020,0.11
26/08/2020,0.11
27/08/2020,0.11
28/08/2020,0.1
31/08/2020,0.11
01/09/2020,0.12
02/09/2020,0.12
03/09/2020,0.11
04/09/2020,0.11
07/09/2020,
08/09/2020,0.13
09/09/2020,0.12
10/09/2020,0.12
11/09/2020,0.11
14/09/2020,0.11
15/09/2020,0.11
16/09/2020,0.12
17/09/2020,0.09
18/09/2020,0.1
21/09/2020,0.1
22/09/2020,0.1
23/09/2020,0.11
24/09/2020,0.1
25/09/2020,0.1
28/09/2020,0.11
29/09/2020,0.09
30/09/2020,0.1
01/10/2020,0.09
02/10/2020,0.09
05/10/2020,0.1
06/10/2020,0.1
07/10/2020,0.1
08/10/2020,0.09
09/10/2020,0.1
12/10/2020,
13/10/2020,0.11
14/10/2020,0.12
15/10/2020,0.11
16/10/2020,0.11
19/10/2020,0.11
20/10/2020,0.1
21/10/2020,0.1
22/10/2020,0.09
23/10/2020,0.1
26/10/2020,0.11
27/10/2020,0.1
28/10/2020,0.1
29/10/2020,0.09
30/10/2020,0.09
02/11/2020,0.09
03/11/2020,0.1
04/11/2020,0.1
05/11/2020,0.1
06/11/2020,0.1
09/11/2020,0.11
10/11/2020,0.1
11/11/2020,
12/11/2020,0.1
13/11/2020,0.09
16/11/2020,0.09
17/11/2020,0.09
18/11/2020,0.09
19/11/2020,0.07
20/11/2020,0.07
23/11/2020,0.08
24/11/2020,0.09
25/11/2020,0.09
26/11/2020,
27/11/2020,0.09
30/11/2020,0.08
01/12/2020,0.09
02/12/2020,0.09
03/12/2020,0.08
04/12/2020,0.09
07/12/2020,0.08
08/12/2020,0.09
09/12/2020,0.08
10/12/2020,0.08
11/12/2020,0.08
14/12/2020,0.09
15/12/2020,0.08
16/12/2020,0.09
17/12/2020,0.08
18/12/2020,0.08
21/12/2020,0.09
22/12/2020,0.09
23/12/2020,0.09
24/12/2020,0.09
25/12/2020,
28/12/2020,0.11
29/12/2020,0.1
30/12/2020,0.08
31/12/2020,0.09
01/01/2021,
04/01/2021,0.09
05/01/2021,0.09
06/01/2021,0.09
07/01/2021,0.09
08/01/2021,0.08
11/01/2021,0.08
12/01/2021,0.09
13/01/2021,0.09
14/01/2021,0.09
15/01/2021,0.09
18/01/2021,
19/01/2021,0.09
20/01/2021,0.08
21/01/2021,0.09
22/01/2021,0.08
25/01/2021,0.09
26/01/2021,0.07
27/01/2021,0.08
28/01/2021,0.07
29/01/2021,0.06
01/02/2021,0.07
02/02/2021,0.07
03/02/2021,0.04
04/02/2021,0.04
05/02/2021,0.03
08/02/2021,0.05
09/02/2021,0.04
10/02/2021,0.05
11/02/2021,0.05
12/02/2021,0.04
15/02/2021,
16/02/2021,0.04
17/02/2021,0.04
18/02/2021,0.03
19/02/2021,0.04
22/02/2021,0.03
23/02/2021,0.04
24/02/2021,0.03
25/02/2021,0.04
26/02/2021,0.04
01/03/2021,0.05
02/03/2021,0.04
03/03/2021,0.05
04/03/2021,0.04
05/03/2021,0.04
08/03/2021,0.05
09/03/2021,0.05
10/03/2021,0.04
11/03/2021,0.04
12/03/2021,0.04
15/03/2021,0.04
16/03/2021,0.02
17/03/2021,0.02
18/03/2021,0.01
19/03/2021,0.01
22/03/2021,0.03
23/03/2021,0.01
24/03/2021,0.02
25/03/2021,0.02
26/03/2021,0.02
29/03/2021,0.03
30/03/2021,0.02
31/03/2021,0.03
01/04/2021,0.02
02/04/2021,0.02
05/04/2021,0.03
06/04/2021,0.02
07/04/2021,0.02
08/04/2021,0.01
09/04/2021,0.02
12/04/2021,0.02
13/04/2021,0.03
14/04/2021,0.02
15/04/2021,0.02
16/04/2021,0.02
19/04/2021,0.02
20/04/2021,0.03
21/04/2021,0.03
22/04/2021,0.03
23/04/2021,0.03
26/04/2021,0.03
27/04/2021,0.01
28/04/2021,0.01
29/04/2021,0.01
30/04/2021,0.01
03/05/2021,0.04
04/05/2021,0.02
05/05/2021,0.02
06/05/2021,0.02
07/05/2021,0.02
10/05/2021,0.02
11/05/2021,0.01
12/05/2021,0.02
13/05/2021,0.02
14/05/2021,0.01
17/05/2021,0.02
18/05/2021,0.02
19/05/2021,0.01
20/05/2021,0.01
21/05/2021,0.01
24/05/2021,0.02
25/05/2021,0.02
26/05/2021,0.02
27/05/2021,0.02
28/05/2021,0.01
31/05/2021,
01/06/2021,0.02
02/06/2021,0.02
03/06/2021,0.02
04/06/2021,0.02
07/06/2021,0.02
08/06/2021,0.02
09/06/2021,0.03
10/06/2021,0.03
11/06/2021,0.03
14/06/2021,0.03
15/06/2021,0.03
16/06/2021,0.04
17/06/2021,0.04
18/06/2021,0.05
21/06/2021,0.05
22/06/2021,0.04
23/06/2021,0.05
24/06/2021,0.05
25/06/2021,0.06
28/06/2021,0.05
29/06/2021,0.04
30/06/2021,0.05
01/07/2021,0.05
02/07/2021,0.05
05/07/2021,
06/07/2021,0.05
07/07/2021,0.05
08/07/2021,0.06
09/07/2021,0.06
12/07/2021,0.05
13/07/2021,0.05
14/07/2021,0.06
15/07/2021,0.05
16/07/2021,0.05
19/07/2021,0.05
20/07/2021,0.05
21/07/2021,0.05
22/07/2021,0.05
23/07/2021,0.05
26/07/2021,0.05
27/07/2021,0.05
28/07/2021,0.05
29/07/2021,0.06
30/07/2021,0.06
02/08/2021,0.05
03/08/2021,0.05
04/08/2021,0.05
05/08/2021,0.05
06/08/2021,0.06
09/08/2021,0.06
10/08/2021,0.05
11/08/2021,0.05
12/08/2021,0.06
13/08/2021,0.06
16/08/2021,0.06
17/08/2021,0.07
18/08/2021,0.07
19/08/2021,0.06
20/08/2021,0.05
23/08/2021,0.05
24/08/2021,0.05
25/08/2021,0.06
26/08/2021,0.05
27/08/2021,0.05
30/08/2021,0.05
31/08/2021,0.04
01/09/2021,0.05
02/09/2021,0.05
03/09/2021,0.05
06/09/2021,
07/09/2021,0.05
08/09/2021,0.05
09/09/2021,0.04
10/09/2021,0.05
13/09/2021,0.06
14/09/2021,0.04
15/09/2021,0.04
16/09/2021,0.04
17/09/2021,0.04
20/09/2021,0.04
21/09/2021,0.03
22/09/2021,0.03
23/09/2021,0.03
24/09/2021,0.03
27/09/2021,0.04
28/09/2021,0.04
29/09/2021,0.04
30/09/2021,0.04
01/10/2021,0.04
04/10/2021,0.04
05/10/2021,0.04
06/10/2021,0.04
07/10/2021,0.05
08/10/2021,0.05
11/10/2021,
12/10/2021,0.06
13/10/2021,0.05
14/10/2021,0.05
15/10/2021,0.05
18/10/2021,0.06
19/10/2021,0.05
20/10/2021,0.05
21/10/2021,0.06
22/10/2021,0.06
25/10/2021,0.06
26/10/2021,0.06
27/10/2021,0.06
28/10/2021,0.06
29/10/2021,0.05
01/11/2021,0.05
02/11/2021,0.05
03/11/2021,0.05
04/11/2021,0.04
05/11/2021,0.05
08/11/2021,0.06
09/11/2021,0.04
10/11/2021,0.05
11/11/2021,
12/11/2021,0.05
15/11/2021,0.05
16/11/2021,0.05
17/11/2021,0.05
18/11/2021,0.05
19/11/2021,0.05
22/11/2021,0.05
23/11/2021,0.06
24/11/2021,0.06
25/11/2021,
26/11/2021,0.06
29/11/2021,0.06
30/11/2021,0.05
01/12/2021,0.06
02/12/2021,0.05
03/12/2021,0.06
06/12/2021,0.05
07/12/2021,0.06
08/12/2021,0.07
09/12/2021,0.06
10/12/2021,0.06
13/12/2021,0.05
14/12/2021,0.05
15/12/2021,0.05
16/12/2021,0.05
17/12/2021,0.05
20/12/2021,0.07
21/12/2021,0.07
22/12/2021,0.08
23/12/2021,0.07
24/12/2021,
27/12/2021,0.06
28/12/2021,0.06
29/12/2021,0.05
30/12/2021,0.05
31/12/2021,0.06
03/01/2022,0.08
04/01/2022,0.08
05/01/2022,0.09
06/01/2022,0.1
07/01/2022,0.1
10/01/2022,0.13
11/01/2022,0.11
12/01/2022,0.12
13/01/2022,0.12
14/01/2022,0.13
17/01/2022,
18/01/2022,0.16
19/01/2022,0.17
20/01/2022,0.17
21/01/2022,0.17
24/01/2022,0.19
25/01/2022,0.19
26/01/2022,0.19
27/01/2022,0.2
28/01/2022,0.19
31/01/2022,0.22
01/02/2022,0.19
02/02/2022,0.19
03/02/2022,0.2
04/02/2022,0.23
07/02/2022,0.27
08/02/2022,0.25
09/02/2022,0.26
10/02/2022,0.4
11/02/2022,0.36
14/02/2022,0.43
15/02/2022,0.4
16/02/2022,0.38
17/02/2022,0.36
18/02/2022,0.35
21/02/2022,
22/02/2022,0.37
23/02/2022,0.34
24/02/2022,0.32
25/02/2022,0.33
28/02/2022,0.35
01/03/2022,0.32
02/03/2022,0.34
03/03/2022,0.38
04/03/2022,0.34
07/03/2022,0.38
08/03/2022,0.36
09/03/2022,0.38
10/03/2022,0.39
11/03/2022,0.4
14/03/2022,0.45
15/03/2022,0.46
16/03/2022,0.44
17/03/2022,0.4
18/03/2022,0.42
21/03/2022,0.54
22/03/2022,0.51
23/03/2022,0.5
24/03/2022,0.52
25/03/2022,0.55
28/03/2022,0.59
29/03/2022,0.55
30/03/2022,0.55
31/03/2022,0.52
01/04/2022,0.53
04/04/2022,0.66
05/04/2022,0.65
06/04/2022,0.67
07/04/2022,0.68
08/04/2022,0.7
11/04/2022,0.77
12/04/2022,0.74
13/04/2022,0.75
14/04/2022,0.79
15/04/2022,
18/04/2022,0.81
19/04/2022,0.81
20/04/2022,0.82
21/04/2022,0.83
22/04/2022,0.83
25/04/2022,0.91
26/04/2022,0.83
27/04/2022,0.82
28/04/2022,0.82
29/04/2022,0.85
02/05/2022,0.9
03/05/2022,0.91
04/05/2022,0.89
05/05/2022,0.85
06/05/2022,0.85
09/05/2022,0.92
10/05/2022,0.89
11/05/2022,0.91
12/05/2022,0.96
13/05/2022,1.03
16/05/2022,1.07
17/05/2022,1.06
18/05/2022,1.03
19/05/2022,1.05
20/05/2022,1.03
23/05/2022,1.07
24/05/2022,1.06
25/05/2022,1.06
26/05/2022,1.07
27/05/2022,1.08
30/05/2022,
31/05/2022,1.16
01/06/2022,1.15
02/06/2022,1.17
03/06/2022,1.21
06/06/2022,1.26
07/06/2022,1.26
08/06/2022,1.28
09/06/2022,1.3
10/06/2022,1.39
13/06/2022,1.73
14/06/2022,1.83
15/06/2022,1.74
16/06/2022,1.59
17/06/2022,1.63
20/06/2022,
21/06/2022,1.7
22/06/2022,1.61
23/06/2022,1.65
24/06/2022,1.73
27/06/2022,1.79
28/06/2022,1.79
29/06/2022,1.78
30/06/2022,1.72
01/07/2022,1.73
04/07/2022,
05/07/2022,1.9
06/07/2022,1.9
07/07/2022,1.95
08/07/2022,1.98
11/07/2022,2.18
12/07/2022,2.22
13/07/2022,2.39
14/07/2022,2.4
15/07/2022,2.37
18/07/2022,2.5
19/07/2022,2.52
20/07/2022,2.51
21/07/2022,2.48
22/07/2022,2.49
25/07/2022,2.62
26/07/2022,2.55
27/07/2022,2.44
28/07/2022,2.42
29/07/2022,2.41
01/08/2022,2.56
02/08/2022,2.56
03/08/2022,2.52
04/08/2022,2.5
05/08/2022,2.58
08/08/2022,2.65
09/08/2022,2.67
10/08/2022,2.65
11/08/2022,2.62
12/08/2022,2.63
15/08/2022,2.72
16/08/2022,2.7
17/08/2022,2.68
18/08/2022,2.71
19/08/2022,2.74
22/08/2022,2.82
23/08/2022,2.8
24/08/2022,2.82
25/08/2022,2.88
26/08/2022,2.89
29/08/2022,2.97
30/08/2022,2.97
31/08/2022,2.96
01/09/2022,2.97
02/09/2022,2.94
05/09/2022,
06/09/2022,3.04
07/09/2022,3.07
08/09/2022,3.06
09/09/2022,3.08
12/09/2022,3.17
13/09/2022,3.28
14/09/2022,3.24
15/09/2022,3.22
16/09/2022,3.2
19/09/2022,3.37
20/09/2022,3.35
21/09/2022,3.31
22/09/2022,3.29
23/09/2022,3.24
26/09/2022,3.39
27/09/2022,3.35
28/09/2022,3.4
29/09/2022,3.36
30/09/2022,3.33
03/10/2022,3.46
04/10/2022,3.45
05/10/2022,3.46
06/10/2022,3.46
07/10/2022,3.45
10/10/2022,
11/10/2022,3.67
12/10/2022,3.7
13/10/2022,3.79
14/10/2022,3.81
17/10/2022,3.97
18/10/2022,4.04
19/10/2022,4.07
20/10/2022,4.09
21/10/2022,4.09
24/10/2022,4.16
25/10/2022,4.14
26/10/2022,4.11
27/10/2022,4.13
28/10/2022,4.18
31/10/2022,4.22
01/11/2022,4.23
02/11/2022,4.22
03/11/2022,4.25
04/11/2022,4.21
07/11/2022,4.29
08/11/2022,4.28
09/11/2022,4.29
10/11/2022,4.28
11/11/2022,
14/11/2022,4.34
15/11/2022,4.31
16/11/2022,4.32
17/11/2022,4.32
18/11/2022,4.34
21/11/2022,4.41
22/11/2022,4.4
23/11/2022,4.4
24/11/2022,
25/11/2022,4.41
28/11/2022,4.41
29/11/2022,4.38
30/11/2022,4.37
01/12/2022,4.33
02/12/2022,4.34
05/12/2022,4.36
06/12/2022,4.37
07/12/2022,4.29
08/12/2022,4.28
09/12/2022,4.31
12/12/2022,4.38
13/12/2022,4.35
14/12/2022,4.33
15/12/2022,4.34
16/12/2022,4.31
19/12/2022,4.37
20/12/2022,4.35
21/12/2022,4.33
22/12/2022,4.35
23/12/2022,4.34
26/12/2022,
27/12/2022,4.46
28/12/2022,4.46
29/12/2022,4.45
30/12/2022,4.42
02/01/2023,
03/01/2023,4.53
04/01/2023,4.55
05/01/2023,4.66
06/01/2023,4.67
09/01/2023,4.7
10/01/2023,4.73
11/01/2023,4.72
12/01/2023,4.66
13/01/2023,4.67
16/01/2023,
17/01/2023,4.71
18/01/2023,4.69
19/01/2023,4.71
20/01/2023,4.72
23/01/2023,4.73
24/01/2023,4.72
25/01/2023,4.72
26/01/2023,4.71
27/01/2023,4.73
30/01/2023,4.72
31/01/2023,4.7
01/02/2023,4.66
02/02/2023,4.66
03/02/2023,4.7
06/02/2023,4.71
07/02/2023,4.71
08/02/2023,4.72
09/02/2023,4.77
10/02/2023,4.79
13/02/2023,4.81
14/02/2023,4.8
15/02/2023,4.79
16/02/2023,4.84
17/02/2023,4.84
20/02/2023,
21/02/2023,4.86
22/02/2023,4.84
23/02/2023,4.84
24/02/2023,4.86
27/02/2023,4.89
28/02/2023,4.88
01/03/2023,4.9
02/03/2023,4.91
03/03/2023,4.91
06/03/2023,4.93
07/03/2023,5.04
08/03/2023,5.06
09/03/2023,5.05
10/03/2023,5.01
13/03/2023,4.87
14/03/2023,4.88
15/03/2023,4.75
16/03/2023,4.74
17/03/2023,4.52
20/03/2023,4.81
21/03/2023,4.78
22/03/2023,4.79
23/03/2023,4.73
24/03/2023,4.74
27/03/2023,4.91
28/03/2023,4.8
29/03/2023,4.8
30/03/2023,4.97
31/03/2023,4.85
03/04/2023,4.9
04/04/2023,4.88
05/04/2023,4.86
06/04/2023,4.91
07/04/2023,4.95
10/04/2023,5.08
11/04/2023,5.04
12/04/2023,5.02
13/04/2023,5.1
14/04/2023,5.14
17/04/2023,5.21
18/04/2023,5.2
19/04/2023,5.16
20/04/2023,5.12
21/04/2023,5.14
24/04/2023,5.2
25/04/2023,5.12
26/04/2023,5.16
27/04/2023,5.18
28/04/2023,5.1
01/05/2023,5.27
02/05/2023,5.24
03/05/2023,5.26
04/05/2023,5.26
05/05/2023,5.26
08/05/2023,5.31
09/05/2023,5.29
10/05/2023,5.24
11/05/2023,5.2
12/05/2023,5.25
15/05/2023,5.21
16/05/2023,5.23
17/05/2023,5.26
18/05/2023,5.31
19/05/2023,5.29
22/05/2023,5.4
23/05/2023,5.34
24/05/2023,5.37
25/05/2023,5.38
26/05/2023,5.34
29/05/2023,
30/05/2023,5.55
31/05/2023,5.52
01/06/2023,5.5
02/06/2023,5.5
05/06/2023,5.46
06/06/2023,5.44
07/06/2023,5.42
08/06/2023,5.38
09/06/2023,5.37
12/06/2023,5.4
13/06/2023,5.36
14/06/2023,5.36
15/06/2023,5.33
16/06/2023,5.34
19/06/2023,
20/06/2023,5.39
21/06/2023,5.4
22/06/2023,5.4
23/06/2023,5.41
26/06/2023,5.5
27/06/2023,5.44
28/06/2023,5.44
29/06/2023,5.46
30/06/2023,5.43
03/07/2023,5.44
04/07/2023,
05/07/2023,5.44
06/07/2023,5.46
07/07/2023,5.46
10/07/2023,5.48
11/07/2023,5.49
12/07/2023,5.47
13/07/2023,5.47
14/07/2023,5.49
17/07/2023,5.49
18/07/2023,5.49
19/07/2023,5.49
20/07/2023,5.49
21/07/2023,5.5
24/07/2023,5.51
25/07/2023,5.51
26/07/2023,5.51
27/07/2023,5.51
28/07/2023,5.52
31/07/2023,5.55
01/08/2023,5.54
02/08/2023,5.53
03/08/2023,5.54
04/08/2023,5.54
07/08/2023,5.56
08/08/2023,5.57
09/08/2023,5.55
10/08/2023,5.54
11/08/2023,5.54
14/08/2023,5.56
15/08/2023,5.56
16/08/2023,5.56
17/08/2023,5.56
18/08/2023,5.55
21/08/2023,5.57
22/08/2023,5.57
23/08/2023,5.57
24/08/2023,5.58
25/08/2023,5.61
28/08/2023,5.58
29/08/2023,5.56
30/08/2023,5.56
31/08/2023,5.56
01/09/2023,5.53
04/09/2023,
05/09/2023,5.55
06/09/2023,5.55
07/09/2023,5.53
08/09/2023,5.55
11/09/2023,5.55
12/09/2023,5.56
13/09/2023,5.55
14/09/2023,5.55
15/09/2023,5.56
18/09/2023,5.55
19/09/2023,5.54
20/09/2023,5.56
21/09/2023,5.57
22/09/2023,5.56
25/09/2023,5.58
26/09/2023,5.58
27/09/2023,5.58
28/09/2023,5.56
29/09/2023,5.55
02/10/2023,5.62
03/10/2023,5.62
04/10/2023,5.61
05/10/2023,5.61
06/10/2023,5.63
09/10/2023,
10/10/2023,5.61
11/10/2023,5.61
12/10/2023,5.63
13/10/2023,5.62
16/10/2023,5.61
17/10/2023,5.62
18/10/2023,5.61
19/10/2023,5.6
20/10/2023,5.58
23/10/2023,5.58
24/10/2023,5.58
25/10/2023,5.59
26/10/2023,5.59
27/10/2023,5.59
30/10/2023,5.6
31/10/2023,5.59
01/11/2023,5.57
02/11/2023,5.54
03/11/2023,5.53
06/11/2023,5.56
07/11/2023,5.55
08/11/2023,5.54
09/11/2023,5.54
10/11/2023,5.53
13/11/2023,5.55
14/11/2023,5.52
15/11/2023,5.53
16/11/2023,5.51
17/11/2023,5.5
20/11/2023,5.54
21/11/2023,5.53
22/11/2023,5.54
23/11/2023,
24/11/2023,5.54
27/11/2023,5.49
28/11/2023,5.47
29/11/2023,5.45
30/11/2023,5.45
01/12/2023,5.43
04/12/2023,5.46
05/12/2023,5.45
06/12/2023,5.45
07/12/2023,5.44
08/12/2023,5.44
11/12/2023,5.47
12/12/2023,5.46
13/12/2023,5.44
14/12/2023,5.43
15/12/2023,5.44
18/12/2023,5.46
19/12/2023,5.43
20/12/2023,5.44
21/12/2023,5.42
22/12/2023,5.44
25/12/2023,
26/12/2023,5.45
27/12/2023,5.44
28/12/2023,5.45
29/12/2023,5.4
01/01/2024,
02/01/2024,5.46
03/01/2024,5.48
04/01/2024,5.48
05/01/2024,5.47
08/01/2024,5.49
09/01/2024,5.47
10/01/2024,5.46
11/01/2024,5.46
12/01/2024,5.45
15/01/2024,
16/01/2024,5.45
17/01/2024,5.47
18/01/2024,5.45
19/01/2024,5.45
22/01/2024,5.46
23/01/2024,5.45
24/01/2024,5.44
25/01/2024,5.44
26/01/2024,5.44
29/01/2024,5.42
30/01/2024,5.42
31/01/2024,5.42
01/02/2024,5.42
02/02/2024,5.43
05/02/2024,5.42
06/02/2024,5.44
07/02/2024,5.43
08/02/2024,5.44
09/02/2024,5.44
12/02/2024,5.43
13/02/2024,5.45
14/02/2024,5.43
15/02/2024,5.43
16/02/2024,5.44
19/02/2024,
20/02/2024,5.44
21/02/2024,5.44
22/02/2024,5.45
23/02/2024,5.46
26/02/2024,5.47
27/02/2024,5.45
28/02/2024,5.45
29/02/2024,5.45
01/03/2024,5.42
04/03/2024,5.48
05/03/2024,5.47
06/03/2024,5.47
07/03/2024,5.47
08/03/2024,5.46
11/03/2024,5.48
12/03/2024,5.48
13/03/2024,5.48
14/03/2024,5.48
15/03/2024,5.48
18/03/2024,5.48
19/03/2024,5.48
20/03/2024,5.47
21/03/2024,5.48
22/03/2024,5.46
25/03/2024,5.46
26/03/2024,5.46
27/03/2024,5.45
28/03/2024,5.46
29/03/2024,
01/04/2024,5.44
02/04/2024,5.42
03/04/2024,5.42
04/04/2024,5.41
05/04/2024,5.43
08/04/2024,5.43
09/04/2024,5.43
10/04/2024,5.45
11/04/2024,5.45
12/04/2024,5.45
15/04/2024,5.45
16/04/2024,5.45
17/04/2024,5.45
18/04/2024,5.46
19/04/2024,5.45
22/04/2024,5.42
23/04/2024,5.45
24/04/2024,5.46
25/04/2024,5.47
26/04/2024,5.46
29/04/2024,5.45
30/04/2024,5.46
01/05/2024,5.46
02/05/2024,5.46
03/05/2024,5.45
06/05/2024,5.45
07/05/2024,5.45
08/05/2024,5.45
09/05/2024,5.46
10/05/2024,5.47
13/05/2024,5.45
14/05/2024,5.44
15/05/2024,5.45
16/05/2024,5.45
17/05/2024,5.46
20/05/2024,5.45
21/05/2024,5.45
22/05/2024,5.45
23/05/2024,5.46
24/05/2024,5.46
27/05/2024,
28/05/2024,5.46
29/05/2024,5.46
30/05/2024,5.46
31/05/2024,5.46
03/06/2024,5.52
04/06/2024,5.52
05/06/2024,5.51
06/06/2024,5.51
07/06/2024,5.52
10/06/2024,5.52
11/06/2024,5.52
12/06/2024,5.51
13/06/2024,5.51
14/06/2024,5.51
17/06/2024,5.52
18/06/2024,5.5
19/06/2024,
20/06/2024,5.5
21/06/2024,5.49
24/06/2024,5.5
25/06/2024,5.49
26/06/2024,5.5
27/06/2024,5.49
28/06/2024,5.48
01/07/2024,5.47
02/07/2024,5.47
03/07/2024,5.47
04/07/2024,
05/07/2024,5.46
08/07/2024,5.46
09/07/2024,5.46
10/07/2024,5.46
11/07/2024,5.44
12/07/2024,5.43
15/07/2024,5.43
16/07/2024,5.43
17/07/2024,5.43
18/07/2024,5.43
19/07/2024,5.43
22/07/2024,5.43
23/07/2024,5.41
24/07/2024,5.4
25/07/2024,5.39
26/07/2024,5.38
29/07/2024,5.41
30/07/2024,5.4
31/07/2024,5.41
01/08/2024,5.37
02/08/2024,5.29
05/08/2024,5.35
06/08/2024,5.34
07/08/2024,5.34
08/08/2024,5.34
09/08/2024,5.33
12/08/2024,5.33
13/08/2024,5.32
14/08/2024,5.32
15/08/2024,5.34
16/08/2024,5.33
19/08/2024,5.31
20/08/2024,5.29
21/08/2024,5.26
22/08/2024,5.28
23/08/2024,5.25
26/08/2024,5.24
27/08/2024,5.23
28/08/2024,5.21
29/08/2024,5.22
30/08/2024,5.21
02/09/2024,
03/09/2024,5.19
04/09/2024,5.18
05/09/2024,5.15
06/09/2024,5.13
09/09/2024,5.11
10/09/2024,5.06
11/09/2024,5.1
12/09/2024,5.06
13/09/2024,4.97
16/09/2024,4.96
17/09/2024,4.95
18/09/2024,4.84
19/09/2024,4.8
20/09/2024,4.75
23/09/2024,4.72
24/09/2024,4.69
25/09/2024,4.69
26/09/2024,4.68
27/09/2024,4.68
30/09/2024,4.73
01/10/2024,4.71
02/10/2024,4.69
03/10/2024,4.68
04/10/2024,4.73
07/10/2024,4.77
08/10/2024,4.75
09/10/2024,4.75
10/10/2024,4.75
11/10/2024,4.73
14/10/2024,
15/10/2024,4.73
16/10/2024,4.72
17/10/2024,4.74
18/10/2024,4.73
21/10/2024,4.73
22/10/2024,4.72
23/10/2024,4.73
24/10/2024,4.7
25/10/2024,4.73
28/10/2024,4.7
29/10/2024,4.7
30/10/2024,4.67
31/10/2024,4.64
01/11/2024,4.61
04/11/2024,4.65
05/11/2024,4.64
06/11/2024,4.64
07/11/2024,4.63
08/11/2024,4.63
11/11/2024,
12/11/2024,4.63
13/11/2024,4.6
14/11/2024,4.61
15/11/2024,4.6
18/11/2024,4.63
19/11/2024,4.62
20/11/2024,4.62
21/11/2024,4.63
22/11/2024,4.63
25/11/2024,4.62
26/11/2024,4.61
27/11/2024,4.6
28/11/2024,
29/11/2024,4.58
02/12/2024,4.51
03/12/2024,4.49
04/12/2024,4.47
05/12/2024,4.46
06/12/2024,4.42
09/12/2024,4.42
10/12/2024,4.41
11/12/2024,4.38
12/12/2024,4.35
13/12/2024,4.34
16/12/2024,4.37
17/12/2024,4.38
18/12/2024,4.36
19/12/2024,4.35
20/12/2024,4.34
23/12/2024,4.36
24/12/2024,4.4
25/12/2024,
26/12/2024,4.35
27/12/2024,4.31
30/12/2024,4.37
31/12/2024,4.37
01/01/2025,
02/01/2025,4.36
03/01/2025,4.34
06/01/2025,4.35
07/01/2025,4.35
08/01/2025,4.35
09/01/2025,4.35
10/01/2025,4.36
13/01/2025,4.37
14/01/2025,4.36
15/01/2025,4.35
16/01/2025,4.34
17/01/2025,4.34
20/01/2025,
21/01/2025,4.36
22/01/2025,4.36
23/01/2025,4.36
24/01/2025,4.35
27/01/2025,4.32
28/01/2025,4.31
29/01/2025,4.31
30/01/2025,4.3
31/01/2025,4.31
03/02/2025,4.34
04/02/2025,4.33
05/02/2025,4.33
06/02/2025,4.34
07/02/2025,4.35
10/02/2025,4.35
11/02/2025,4.35
12/02/2025,4.35
13/02/2025,4.34
14/02/2025,4.34
17/02/2025,
18/02/2025,4.34
19/02/2025,4.34
20/02/2025,4.33
21/02/2025,4.32
24/02/2025,4.31
25/02/2025,4.3
26/02/2025,4.31
27/02/2025,4.32
28/02/2025,4.32
03/03/2025,4.35
04/03/2025,4.34
05/03/2025,4.35
06/03/2025,4.34
07/03/2025,4.34
10/03/2025,4.33
11/03/2025,4.34
12/03/2025,4.35
13/03/2025,4.34
14/03/2025,4.33
17/03/2025,4.34
18/03/2025,4.34
19/03/2025,4.33
20/03/2025,4.33
21/03/2025,4.33
24/03/2025,4.33
25/03/2025,4.33
26/03/2025,4.33
27/03/2025,4.33
28/03/2025,4.33
31/03/2025,4.32
01/04/2025,4.32
02/04/2025,4.32
03/04/2025,4.31
04/04/2025,4.28
07/04/2025,4.29
08/04/2025,4.31
09/04/2025,4.35
10/04/2025,4.34
11/04/2025,4.34
14/04/2025,4.33
15/04/2025,4.33
16/04/2025,4.33
17/04/2025,4.34
18/04/2025,
21/04/2025,4.34
22/04/2025,4.33
23/04/2025,4.33
24/04/2025,4.32
25/04/2025,4.32
28/04/2025,4.32
29/04/2025,4.31
30/04/2025,4.31
01/05/2025,4.31
02/05/2025,4.33
05/05/2025,4.33
06/05/2025,4.33
07/05/2025,4.34
08/05/2025,4.34
09/05/2025,4.34
12/05/2025,4.42
13/05/2025,4.41
14/05/2025,4.41
15/05/2025,4.38
16/05/2025,4.37
19/05/2025,4.39
20/05/2025,4.38
21/05/2025,4.36
22/05/2025,4.37
23/05/2025,4.36
26/05/2025,
27/05/2025,4.35
28/05/2025,4.35
29/05/2025,4.36
30/05/2025,4.36
02/06/2025,4.44
03/06/2025,4.43
04/06/2025,4.44
05/06/2025,4.44
06/06/2025,4.43
09/06/2025,4.44
10/06/2025,4.45
11/06/2025,4.45
12/06/2025,4.46
13/06/2025,4.45
16/06/2025,4.43
17/06/2025,4.42
18/06/2025,4.42
19/06/2025,
20/06/2025,4.39
23/06/2025,4.38
24/06/2025,4.38
25/06/2025,4.38
26/06/2025,4.39
27/06/2025,4.39
30/06/2025,4.41
01/07/2025,4.4
02/07/2025,4.41
03/07/2025,4.42
04/07/2025,
07/07/2025,4.42
08/07/2025,4.42
09/07/2025,4.42
10/07/2025,4.42
11/07/2025,4.41
14/07/2025,4.42
15/07/2025,4.42
16/07/2025,4.41
17/07/2025,4.41
18/07/2025,4.4
21/07/2025,4.41
22/07/2025,4.41
23/07/2025,4.41
24/07/2025,4.42
25/07/2025,4.42
28/07/2025,4.4
29/07/2025,4.4
30/07/2025,4.41
31/07/2025,4.41
01/08/2025,4.35
04/08/2025,4.35
05/08/2025,4.34
06/08/2025,4.32
07/08/2025,4.32
08/08/2025,4.32
11/08/2025,4.34
12/08/2025,4.33
13/08/2025,4.29
14/08/2025,4.3
15/08/2025,4.3
18/08/2025,4.33
19/08/2025,4.3
20/08/2025,4.3
21/08/2025,4.32
22/08/2025,4.27
25/08/2025,4.29
26/08/2025,4.28
27/08/2025,4.26
28/08/2025,4.26
29/08/2025,4.23
01/09/2025,
02/09/2025,4.2
03/09/2025,4.18
04/09/2025,4.16
05/09/2025,4.07
08/09/2025,4.1
09/09/2025,4.1
10/09/2025,4.09
11/09/2025,4.08
12/09/2025,4.08
15/09/2025,4.06
16/09/2025,4.04
17/09/2025,4.02
18/09/2025,4.03
19/09/2025,4.03
22/09/2025,4
23/09/2025,4
24/09/2025,4.02
25/09/2025,4.04
26/09/2025,4.02
29/09/2025,4.04
30/09/2025,4.02
01/10/2025,4.01
02/10/2025,4.02
03/10/2025,4.03
06/10/2025,4.02
07/10/2025,4.01
08/10/2025,4.01
09/10/2025,4.03
10/10/2025,4.02
13/10/2025,
14/10/2025,4.02
15/10/2025,4.03
16/10/2025,4.02
17/10/2025,4
20/10/2025,3.97
21/10/2025,3.96
22/10/2025,3.96
23/10/2025,3.95
24/10/2025,3.93
27/10/2025,3.89
28/10/2025,3.89
29/10/2025,3.93
30/10/2025,3.92
31/10/2025,3.89
03/11/2025,3.98
04/11/2025,3.96
05/11/2025,3.96
06/11/2025,3.93
07/11/2025,3.92
10/11/2025,3.95
11/11/2025,
12/11/2025,3.95
13/11/2025,3.96
14/11/2025,3.95
17/11/2025,3.97
18/11/2025,3.94
19/11/2025,3.95
20/11/2025,3.94
21/11/2025,3.9
24/11/2025,3.91
